Restaurant Name,Last_Order,Recency_Days,Frequency,Monetary,Avg_Order_Value,Avg_Rating,R_Score,F_Score,M_Score,RFM_Score,RFM_Code,RFM_Segment
KFC,2025-08-31,1,12961,4246951.7,327.6716071290796,4.303425661600185,5,5,5,15,555,Champions
McDonald's,2025-08-31,1,13530,3343094.58,247.08755210643017,4.395077605321508,5,5,5,15,555,Champions
Pizza Hut,2025-08-31,1,6529,2133265.69,326.7369719712054,4.198192678817583,5,5,5,15,555,Champions
Burger King,2025-08-31,1,7116,1900817.09,267.11875913434517,4.3407532321528945,5,5,5,15,555,Champions
Domino's Pizza,2025-08-31,1,5492,1834022.32,333.9443408594319,4.372705753823744,5,5,5,15,555,Champions
Olio - The Wood Fired Pizzeria,2025-08-31,1,3241,1236369.0,381.4776303609997,4.294322739895094,5,5,5,15,555,Champions
LunchBox - Meals and Thalis,2025-08-31,1,4700,1101141.0,234.28531914893617,4.3677446808510645,5,5,5,15,555,Champions
Baskin Robbins - Ice Cream Desserts,2025-08-31,1,4197,860591.94,205.04930664760542,4.4260424112461285,5,5,5,15,555,Champions
"Faasos - Wraps, Rolls & Shawarma",2025-08-31,1,3256,780215.0,239.6237714987715,4.3642813267813265,5,5,5,15,555,Champions
The Good Bowl,2025-08-31,1,2665,673343.0,252.66153846153847,4.344878048780488,5,5,5,15,555,Champions
Veg Darbar by Behrouz Biryani,2025-08-31,1,931,609331.0,654.4908700322234,4.33609022556391,5,5,5,15,555,Champions
La Pino'z Pizza,2025-08-31,1,2079,558496.0,268.6368446368446,4.264405964405965,5,5,5,15,555,Champions
Veg Meals by Lunchbox,2025-08-31,1,2083,479985.0,230.4296687469995,4.347431589054249,5,5,5,15,555,Champions
Wow! Momo,2025-08-31,1,2011,458454.23,227.97326205867728,4.293933366484336,5,5,5,15,555,Champions
Theobroma,2025-08-31,1,944,437841.0,463.8146186440678,4.508686440677966,5,5,5,15,555,Champions
Sweet Truth - Cake and Desserts,2025-08-31,1,1761,432574.0,245.64111300397502,4.356161272004543,5,5,5,15,555,Champions
Behrouz Biryani,2025-08-31,1,845,392247.0,464.1976331360947,4.320236686390532,5,5,5,15,555,Champions
ITC Master Chef Creations,2025-08-31,1,793,376528.0,474.81462799495586,4.410340479192938,5,5,5,15,555,Champions
Cafe Coffee Day,2025-08-31,1,1158,366205.0,316.2392055267703,4.264594127806563,5,5,5,15,555,Champions
Oven Story Pizza,2025-08-31,1,794,355688.0,447.9697732997481,4.4201511335012595,5,5,5,15,555,Champions
Makhani Darbar,2025-08-31,1,1158,352847.0,304.70379965457687,4.291364421416235,5,5,5,15,555,Champions
Subway,2025-08-31,1,1260,330140.41,262.0161984126984,4.236746031746032,5,5,5,15,555,Champions
Starbucks Coffee,2025-08-31,1,820,304350.0,371.1585365853659,4.369756097560976,5,5,5,15,555,Champions
NIC Ice Creams,2025-08-31,1,1229,294305.18,239.46719283970708,4.582668836452401,5,5,5,15,555,Champions
Chinese Wok,2025-08-31,1,1339,261305.25,195.14955190440628,4.260866318147872,5,5,5,15,555,Champions
Aromas Cafe & Bistro,2025-08-31,1,676,255038.02,377.27517751479286,4.370118343195267,5,5,5,15,555,Champions
Cheesecake & co.,2025-08-31,1,420,252293.0,600.697619047619,4.495952380952381,5,5,5,15,555,Champions
BOX8 - Desi Meals,2025-08-31,1,1083,250745.0,231.528162511542,4.438781163434903,5,5,5,15,555,Champions
The Belgian Waffle Co.,2025-08-31,1,846,247683.79,292.7704373522459,4.428014184397163,5,5,5,15,555,Champions
Bikanervala,2025-08-31,1,925,226711.63999999998,245.09366486486485,4.388108108108108,5,5,5,15,555,Champions
McDonald's Gourmet Burger Collection,2025-08-31,1,759,213623.89,281.4544005270092,4.393412384716733,5,5,5,15,555,Champions
Wow! China,2025-08-31,1,729,212367.0,291.3127572016461,4.16556927297668,5,5,5,15,555,Champions
Faasos' Signature Wraps & Rolls,2025-08-31,1,841,211987.0,252.0653983353151,4.37871581450654,5,5,5,15,555,Champions
Bakingo,2025-08-31,1,433,208208.0,480.84988452655887,4.516397228637413,5,5,5,15,555,Champions
Pastas By Pizza Hut,2025-08-31,1,1216,207660.68,170.77358552631577,4.222861842105263,5,5,5,15,555,Champions
Cheesecake & Co.,2025-08-31,1,351,201056.0,572.8091168091169,4.524216524216524,5,5,5,15,555,Champions
Kanti Sweets,2025-08-31,1,994,194499.95,195.67399396378272,4.550402414486922,5,5,5,15,555,Champions
FreshMenu,2025-08-31,1,722,193490.0,267.9916897506925,4.014265927977839,5,5,5,15,555,Champions
The Biryani Life,2025-08-31,1,559,190604.0,340.9731663685152,4.300894454382827,5,5,5,15,555,Champions
LeanCrust Pizza- ThinCrust Experts,2025-08-31,1,517,187431.0,362.5357833655706,4.480657640232108,5,5,5,15,555,Champions
"The Dessert Heaven - Pastry, Brownie and Cakes",2025-08-31,1,699,185941.0,266.0100143061516,4.324892703862661,5,5,5,15,555,Champions
LunchBox  Meals and Thalis,2025-08-31,1,765,182867.5,239.04248366013073,4.282745098039216,5,5,5,15,555,Champions
Mad Over Donuts,2025-08-31,1,511,181385.05,354.9609589041096,4.416438356164384,5,5,5,15,555,Champions
Burger Farm,2025-08-31,1,893,180803.6,202.46763717805152,4.405375139977604,5,5,5,15,555,Champions
Shiv Sagar Veg Restaurant,2025-08-31,1,584,163340.0,279.6917808219178,4.361643835616439,5,5,5,15,555,Champions
Edesia by Freshmenu,2025-08-31,1,623,161419.0,259.09951845906903,4.276725521669342,5,5,5,15,555,Champions
Kalsang Friends Corner,2025-08-31,1,345,158998.95,460.86652173913046,4.3652173913043475,5,5,5,15,555,Champions
The Chocolate Room,2025-08-31,1,339,157835.0,465.5899705014749,4.336283185840708,5,5,5,15,555,Champions
Hira Sweets,2025-08-31,1,637,157363.35,247.03822605965465,4.279748822605966,5,5,5,15,555,Champions
Sangeetha Veg Restaurant,2025-08-31,1,633,153609.54,242.66909952606636,4.5090047393364925,5,5,5,15,555,Champions
HRX by EatFit,2025-08-31,1,468,151678.0,324.0982905982906,4.39508547008547,5,5,5,15,555,Champions
Neelkanth Sweets,2025-08-31,1,294,148640.7,505.580612244898,4.38843537414966,5,5,5,15,555,Champions
Veg Sizzel's,2025-08-31,1,525,147027.0,280.0514285714286,4.361714285714286,5,5,5,15,555,Champions
Jayhind Sweets,2025-08-31,1,553,146626.0,265.1464737793852,4.545750452079567,5,5,5,15,555,Champions
NH1 Bowls - Highway To North,2025-08-31,1,587,146254.0,249.15502555366268,4.486712095400341,5,5,5,15,555,Champions
1944 The Hocco kitchen,2025-08-31,1,326,131938.12,404.71815950920245,4.524233128834356,5,5,5,15,555,Champions
Big Bowl,2025-08-31,1,670,129547.25,193.35410447761194,4.257164179104478,5,5,5,15,555,Champions
Supreme Upper Crust,2025-08-31,1,303,125823.32,415.25848184818483,4.511881188118812,5,5,5,15,555,Champions
Madhurima Veg,2025-08-31,1,332,123600.75,372.2914156626506,4.380722891566266,5,5,5,15,555,Champions
Bowl Soul,2025-08-31,1,442,119771.0,270.97511312217193,4.11447963800905,5,5,5,15,555,Champions
Khullak Cafe,2025-08-31,1,532,116600.0,219.17293233082708,4.413909774436091,5,5,5,15,555,Champions
Wendy's Burgers,2025-08-31,1,554,115426.0,208.35018050541515,4.138808664259928,5,5,5,15,555,Champions
Dindigul Thalappakatti - Since 1957,2025-08-31,1,327,109414.31,334.6003363914373,4.343119266055046,5,5,5,15,555,Champions
Oberai Bakers & Cafe,2025-08-31,1,212,106140.0,500.66037735849056,4.458490566037736,5,5,5,15,555,Champions
Dum Safar Biryani,2025-08-31,1,417,105375.0,252.6978417266187,4.353956834532374,5,5,5,15,555,Champions
Premjees,2025-08-31,1,301,104181.0,346.1162790697674,4.387707641196013,5,5,5,15,555,Champions
Maa Ki Rasoi,2025-08-31,1,648,102015.0,157.43055555555554,4.158333333333333,5,5,5,15,555,Champions
Moti Mahal,2025-08-31,1,365,97845.0,268.06849315068496,4.313150684931507,5,5,5,15,555,Champions
Ss Hyderabad Biryani,2025-08-31,1,361,92090.0,255.09695290858727,4.434903047091413,5,5,5,15,555,Champions
Daily Kitchen - Everyday Homely Meals,2025-08-31,1,383,87738.0,229.08093994778068,4.3733681462141,5,5,5,15,555,Champions
Mithaas,2025-08-31,1,453,86936.38,191.9125386313466,4.262913907284768,5,5,5,15,555,Champions
China Belly By Wow! Momo,2025-08-31,1,338,86119.59,254.79168639053253,4.1982248520710055,5,5,5,15,555,Champions
Tan-Sukh By Kanha,2025-08-31,1,315,83926.0,266.43174603174606,4.410793650793651,5,5,5,15,555,Champions
Kaveri - Lalpur,2025-08-31,1,337,83321.0,247.2433234421365,4.163501483679526,5,5,5,15,555,Champions
Highway Kitchen,2025-08-31,1,297,82470.0,277.67676767676767,4.265319865319865,5,5,5,15,555,Champions
Valley Vista,2025-08-31,1,286,82458.0,288.31468531468533,4.392307692307693,5,5,5,15,555,Champions
Radha Krishna,2025-08-31,1,420,80550.0,191.78571428571428,4.305238095238096,5,5,5,15,555,Champions
Sahib's Punjabi Tadka,2025-08-31,1,223,80541.0,361.17040358744396,4.4,5,5,5,15,555,Champions
Nini's Kitchen,2025-08-31,1,239,80321.0,336.07112970711296,4.434728033472804,5,5,5,15,555,Champions
Sangeetha's Desi Mane - Annanagar,2025-08-31,1,349,78469.0,224.83954154727795,4.606303724928367,5,5,5,15,555,Champions
Ovenfresh Cakes And Desserts,2025-08-31,1,321,78318.0,243.98130841121494,4.378193146417446,5,5,5,15,555,Champions
Lazeez - Rooftop Lounge,2025-08-31,1,260,78098.0,300.37692307692305,4.349615384615385,5,5,5,15,555,Champions
Chef's Planet,2025-08-31,1,253,77141.0,304.90513833992094,4.386561264822134,5,5,5,15,555,Champions
Hira Sweets And Confectionary Pvt. Ltd.,2025-08-31,1,312,76094.59,243.89291666666665,4.315384615384616,5,5,5,15,555,Champions
Grill Inn,2025-08-31,1,342,72396.0,211.68421052631578,4.288596491228071,5,5,5,15,555,Champions
The Story House,2025-08-31,1,232,66542.0,286.8189655172414,4.314224137931035,5,5,5,15,555,Champions
Chaayos Chai+Snacks=Relax,2025-08-31,1,255,64515.0,253.0,4.545098039215686,5,5,5,15,555,Champions
Suchali's Artisan Bakehouse,2025-08-31,1,243,63700.0,262.13991769547323,4.546090534979424,5,5,5,15,555,Champions
The Eleganza,2025-08-31,1,195,63170.0,323.94871794871796,4.303589743589744,5,5,5,15,555,Champions
Confucius (Silpukhuri),2025-08-31,1,205,62862.0,306.6439024390244,4.254146341463414,5,5,5,15,555,Champions
Shree Gangaur,2025-08-31,1,188,61722.0,328.3085106382979,4.379255319148936,5,5,5,15,555,Champions
A2B - Adyar Ananda Bhavan,2025-08-31,1,260,60493.24,232.6663076923077,4.366538461538461,5,5,5,15,555,Champions
Laxmi Pure Veg,2025-08-31,1,226,59800.0,264.60176991150445,4.267256637168141,5,5,5,15,555,Champions
MP's Kitchen,2025-08-31,1,225,59069.0,262.5288888888889,4.299555555555556,5,5,5,15,555,Champions
Grameen Kulfi,2025-08-31,1,408,59046.65,144.72218137254902,4.666911764705882,5,5,5,15,555,Champions
Vadilal Ice Creams,2025-08-31,1,299,57806.45,193.33260869565217,4.5254180602006695,5,5,5,15,555,Champions
New Chanakya,2025-08-31,1,232,57717.0,248.7801724137931,4.241810344827586,5,5,5,15,555,Champions
Bombay Mishthan Bhandar (Bmb) - Sanganeeri Gate,2025-08-31,1,194,57077.0,294.2113402061856,4.390206185567011,5,5,5,15,555,Champions
Polar Bear,2025-08-31,1,241,55218.44,229.12215767634856,4.56390041493776,5,5,5,15,555,Champions
Ice & Spice,2025-08-31,1,237,54151.0,228.48523206751054,4.393670886075951,5,5,5,15,555,Champions
hotel Toshali,2025-08-31,1,253,51696.0,204.3320158102767,4.3007905138339915,5,5,5,15,555,Champions
The Phoenix Residency,2025-08-31,1,186,51486.0,276.80645161290323,4.237634408602151,5,5,5,15,555,Champions
The Prashadam,2025-08-31,1,206,50386.8,244.5961165048544,4.359223300970874,5,5,5,15,555,Champions
Cafe Sanaya,2025-08-31,1,228,48671.0,213.46929824561403,4.3995614035087725,5,5,5,15,555,Champions
Priya Restaurant,2025-08-31,1,230,48219.0,209.6478260869565,4.306956521739131,5,5,5,15,555,Champions
Cheesecakes By CakeZone,2025-08-31,1,199,47491.0,238.64824120603015,4.281909547738693,5,5,5,15,555,Champions
Kanji Sweets & Restaurant,2025-08-31,1,223,44099.5,197.7556053811659,4.302690582959642,5,5,5,15,555,Champions
Gopal's,2025-08-31,1,227,43648.0,192.28193832599118,4.295594713656388,5,5,5,15,555,Champions
New Blue Moon,2025-08-31,1,184,43435.0,236.05978260869566,4.248369565217391,5,5,5,15,555,Champions
Viggis,2025-08-30,2,360,132295.0,367.4861111111111,4.430555555555555,4,5,5,14,455,Champions
Hotel Polo Towers,2025-08-30,2,264,130189.0,493.1401515151515,4.339015151515151,4,5,5,14,455,Champions
Goila Butter Chicken,2025-08-30,2,347,113440.0,326.9164265129683,4.187608069164265,4,5,5,14,455,Champions
Mr. Brown - Danbro,2025-08-31,1,105,100218.53,954.4621904761905,4.445714285714286,5,4,5,14,545,Champions
Biryani By Kilo,2025-08-30,2,270,97480.2,361.03777777777776,4.325925925925926,4,5,5,14,455,Champions
Mahalaxmi Sweets & Restaurant,2025-08-30,2,340,94324.0,277.4235294117647,4.429117647058824,4,5,5,14,455,Champions
Chetak Sweet Point,2025-08-30,2,216,90357.0,418.31944444444446,4.524537037037037,4,5,5,14,455,Champions
Bombay Misthan Bhandar,2025-08-30,2,287,90141.55,314.0820557491289,4.441463414634146,4,5,5,14,455,Champions
Lamee,2025-08-30,2,249,88853.0,356.83935742971886,4.381526104417671,4,5,5,14,455,Champions
Momo Magic Cafe,2025-08-30,2,364,88718.0,243.73076923076923,4.2821428571428575,4,5,5,14,455,Champions
Urban Tadka,2025-08-30,2,210,82700.0,393.8095238095238,4.398095238095238,4,5,5,14,455,Champions
Tossin Pizza,2025-08-31,1,158,78308.0,495.62025316455697,4.70759493670886,5,4,5,14,545,Champions
Gwalia Sweets & Fast Food,2025-08-30,2,330,78023.0,236.43333333333334,4.501515151515152,4,5,5,14,455,Champions
Paakashala,2025-08-30,2,401,77675.05,193.70336658354117,4.266832917705735,4,5,5,14,455,Champions
Hotel Heiga,2025-08-30,2,197,76776.0,389.7258883248731,4.387309644670051,4,5,5,14,455,Champions
Amritsari Restaurant Katora Talab,2025-08-30,2,286,75508.54,264.0158741258741,4.3388111888111895,4,5,5,14,455,Champions
Faasos Signature Wraps & Rolls,2025-08-30,2,294,72672.0,247.18367346938774,4.3309523809523816,4,5,5,14,455,Champions
Kingdom of Momos,2025-08-30,2,225,69144.0,307.3066666666667,4.372,4,5,5,14,455,Champions
Central Perk,2025-08-30,2,255,67393.0,264.28627450980395,4.395686274509805,4,5,5,14,455,Champions
Shaan Sweets And Snacks,2025-08-30,2,303,65058.0,214.7128712871287,4.361716171617162,4,5,5,14,455,Champions
Roastery Coffee House,2025-08-31,1,137,61331.97,447.67861313868616,4.456934306569344,5,4,5,14,545,Champions
Haveli Dhaba,2025-08-30,2,214,60155.0,281.0981308411215,4.40373831775701,4,5,5,14,455,Champions
ITC Sunfeast Baked Creations,2025-08-31,1,118,59222.0,501.8813559322034,4.500847457627119,5,4,5,14,545,Champions
Matkawala,2025-08-30,2,229,57005.0,248.9301310043668,4.0689956331877735,4,5,5,14,455,Champions
Bombay Mishthan Bhandar (Bmb) - Durapura,2025-08-30,2,242,54361.0,224.63223140495867,4.54504132231405,4,5,5,14,455,Champions
Rupar Tori Hotel & Restaurant,2025-08-30,2,214,54358.0,254.00934579439252,4.38177570093458,4,5,5,14,455,Champions
Pandit Ji Sweets & Restaurant Dairy,2025-08-30,2,259,53504.0,206.5791505791506,4.188030888030888,4,5,5,14,455,Champions
Delights by INOX,2025-08-31,1,166,53478.03,322.1568072289157,4.360240963855422,5,4,5,14,545,Champions
The Fisherman's Wharf,2025-08-31,1,124,53010.0,427.5,4.293548387096774,5,4,5,14,545,Champions
Kite Restaurant,2025-08-30,2,214,51426.2,240.3093457943925,4.4,4,5,5,14,455,Champions
7Th Heaven,2025-08-31,1,139,47250.0,339.9280575539568,4.217985611510792,5,4,5,14,545,Champions
Gokul Oottupura,2025-08-30,2,326,47243.0,144.91717791411043,4.57760736196319,4,5,5,14,455,Champions
Crusto's - Cheese Burst Pizza By Olio,2025-08-31,1,119,47019.0,395.11764705882354,4.311764705882353,5,4,5,14,545,Champions
Tara Bhojanalya,2025-08-31,1,174,46453.0,266.9712643678161,4.344252873563219,5,4,5,14,545,Champions
"WeFit - Protein Bowls, Salads & Sandwiches",2025-08-31,1,178,45925.0,258.0056179775281,4.508988764044944,5,4,5,14,545,Champions
Wow! Chicken By Wow! Momo,2025-08-30,2,200,45605.8,228.02900000000002,4.291,4,5,5,14,455,Champions
Popeyes,2025-08-31,1,113,44003.93,389.4153097345133,4.389380530973451,5,4,5,14,545,Champions
Munchies,2025-08-31,1,153,43264.0,282.7712418300654,4.04640522875817,5,4,5,14,545,Champions
Shiv Sagar,2025-08-31,1,243,42987.0,176.90123456790124,4.511522633744856,5,5,4,14,554,Champions
Bhavyam Veg,2025-08-31,1,258,42562.14,164.96953488372094,4.521705426356589,5,5,4,14,554,Champions
Saffron,2025-08-31,1,205,41979.0,204.77560975609757,4.342439024390244,5,5,4,14,554,Champions
Bawarchi Fast Food,2025-08-31,1,180,41173.0,228.73888888888888,4.151666666666666,5,5,4,14,554,Champions
Mr Bhatura,2025-08-31,1,235,40183.0,170.99148936170212,4.367659574468085,5,5,4,14,554,Champions
Food Lovers Restaurant,2025-08-31,1,193,40130.0,207.92746113989637,3.8715025906735754,5,5,4,14,554,Champions
Ramdev's Khana Khazana,2025-08-31,1,228,38855.0,170.41666666666666,4.192982456140351,5,5,4,14,554,Champions
Ratna Cafe (Estd.1948),2025-08-31,1,221,38746.0,175.3212669683258,4.378280542986426,5,5,4,14,554,Champions
Shree Agarwal Caterers,2025-08-31,1,266,38337.5,144.12593984962405,4.45,5,5,4,14,554,Champions
SRIVARI BHIMMAS,2025-08-31,1,180,38006.0,211.14444444444445,4.296666666666667,5,5,4,14,554,Champions
The Great Indian Kitchen,2025-08-31,1,202,37270.0,184.5049504950495,4.232673267326732,5,5,4,14,554,Champions
Srinidhi Sagar Deluxe,2025-08-31,1,234,37151.0,158.76495726495727,4.141880341880342,5,5,4,14,554,Champions
Wooden Spoon Restaurant,2025-08-31,1,181,37064.0,204.77348066298342,4.395580110497238,5,5,4,14,554,Champions
Red Chilly's - Spirits N Spices,2025-08-31,1,193,33090.0,171.45077720207254,4.375129533678757,5,5,4,14,554,Champions
Simla Chat,2025-08-31,1,210,30776.0,146.55238095238096,3.955238095238095,5,5,4,14,554,Champions
Hot Breads,2025-08-31,1,190,27936.48,147.0341052631579,4.606842105263158,5,5,4,14,554,Champions
Arusuvai Cafe,2025-08-31,1,187,27698.8,148.12192513368984,4.3545454545454545,5,5,4,14,554,Champions
House of Idlies,2025-08-31,1,183,25656.5,140.19945355191257,4.419672131147541,5,5,4,14,554,Champions
Udupi Grand,2025-08-31,1,179,25390.0,141.84357541899442,4.19050279329609,5,5,4,14,554,Champions
Hotel Annalakshmi,2025-08-31,1,186,25152.0,135.2258064516129,4.476344086021506,5,5,4,14,554,Champions
Madhu's Kitchen,2025-08-31,1,186,24801.0,133.33870967741936,4.36236559139785,5,5,4,14,554,Champions
Jugaad Jn,2025-08-31,1,199,24243.0,121.82412060301507,4.392462311557789,5,5,4,14,554,Champions
Labonel Fine Baking,2025-08-30,2,154,272780.0,1771.2987012987012,4.513636363636364,4,4,5,13,445,Champions
Dejavu,2025-08-29,3,356,143846.4,404.0629213483146,4.453370786516854,3,5,5,13,355,Loyal Partners
KAVERI's,2025-08-29,3,304,95812.0,315.17105263157896,4.308881578947369,3,5,5,13,355,Loyal Partners
Eden Restaurant,2025-08-29,3,274,86442.0,315.48175182481754,4.422262773722628,3,5,5,13,355,Loyal Partners
The Brew Estate,2025-08-30,2,170,81535.0,479.61764705882354,4.416470588235295,4,4,5,13,445,Champions
Third Wave Coffee,2025-08-29,3,230,72804.4,316.54086956521735,4.446086956521739,3,5,5,13,355,Loyal Partners
MOJO Pizza - 2X Toppings,2025-08-29,3,200,71136.0,355.68,4.435,3,5,5,13,355,Loyal Partners
Gourmet Ice Cream Cakes by Baskin Robbins,2025-08-30,2,130,70963.31,545.8716153846153,4.404615384615385,4,4,5,13,445,Champions
Cafe Cotinga,2025-08-30,2,146,70956.0,486.0,4.48013698630137,4,4,5,13,445,Champions
New Shakti Sweets,2025-08-30,2,112,70439.0,628.9196428571429,4.3375,4,4,5,13,445,Champions
Jamie Oliver's Pizzeria,2025-08-31,1,93,67619.0,727.0860215053764,4.329032258064516,5,3,5,13,535,Big Spenders
Poetry By Love & Cheesecake,2025-08-30,2,170,66372.0,390.4235294117647,4.415882352941177,4,4,5,13,445,Champions
PizzaExpress,2025-08-30,2,148,63216.2,427.1364864864865,4.232432432432432,4,4,5,13,445,Champions
Zaatar Arabic Restaurant,2025-08-29,3,193,59262.0,307.05699481865287,4.369430051813472,3,5,5,13,355,Loyal Partners
KS Bakers,2025-08-31,1,91,56238.95,618.0104395604395,4.208791208791209,5,3,5,13,535,Big Spenders
Mughlai Restaurant,2025-08-29,3,206,52007.0,252.46116504854368,4.0689320388349515,3,5,5,13,355,Loyal Partners
Pop Seoul,2025-08-30,2,137,51829.0,378.3138686131387,4.393430656934307,4,4,5,13,445,Champions
Sethi Tikka Kabab Curry,2025-08-30,2,128,51490.0,402.265625,4.24453125,4,4,5,13,445,Champions
Mealful Rolls - India's Biggest Rolls,2025-08-29,3,230,50275.0,218.58695652173913,4.343913043478261,3,5,5,13,355,Loyal Partners
Harish Bakery,2025-08-29,3,291,50244.64,172.66199312714775,4.314776632302405,3,5,5,13,355,Loyal Partners
Grits N Gravy,2025-08-29,3,273,48486.0,177.6043956043956,4.164468864468865,3,5,5,13,355,Loyal Partners
Jashn The Restaurant,2025-08-30,2,178,48477.0,272.3426966292135,4.269101123595505,4,4,5,13,445,Champions
Sante Spa Cuisine,2025-08-30,2,132,46460.0,351.969696969697,4.429545454545455,4,4,5,13,445,Champions
Kori's,2025-08-30,2,109,44947.0,412.35779816513764,4.460550458715597,4,4,5,13,445,Champions
Wood Street Cafe,2025-08-30,2,129,44260.0,343.1007751937984,4.455038759689923,4,4,5,13,445,Champions
Crescent International Hotel,2025-08-30,2,171,44001.0,257.3157894736842,4.249122807017544,4,4,5,13,445,Champions
Gokul Dham Ka Dhaba,2025-08-30,2,170,43722.0,257.18823529411765,4.403529411764706,4,4,5,13,445,Champions
BIZZA Cafe Heritage,2025-08-31,1,146,43160.0,295.6164383561644,4.13972602739726,5,4,4,13,544,Champions
Gangaur Govindam,2025-08-30,2,213,41370.0,194.22535211267606,4.4474178403755875,4,5,4,13,454,Champions
Dawat-E-Khas Restaurant,2025-08-31,1,149,41104.0,275.86577181208054,4.120134228187919,5,4,4,13,544,Champions
Roti Tarka,2025-08-31,1,147,40711.0,276.94557823129253,4.338095238095239,5,4,4,13,544,Champions
Gangaur Next,2025-08-31,1,160,40431.0,252.69375,4.3275,5,4,4,13,544,Champions
Books & Bricks Cafe,2025-08-31,1,112,40030.0,357.4107142857143,4.335714285714286,5,4,4,13,544,Champions
Saudagar,2025-08-31,1,151,40015.0,265.0,4.402649006622517,5,4,4,13,544,Champions
Haldiram's Sweets and Namkeen,2025-08-30,2,233,39917.96,171.3217167381974,4.42961373390558,4,5,4,13,454,Champions
Shivansh fast food and restaurant,2025-08-30,2,196,39506.0,201.5612244897959,4.311734693877551,4,5,4,13,454,Champions
Ghar ka Khana by EatFit,2025-08-31,1,143,38803.0,271.34965034965035,4.2853146853146855,5,4,4,13,544,Champions
Rominus Pizza and Burger,2025-08-30,2,181,38312.05,211.66878453038674,4.204972375690608,4,5,4,13,454,Champions
City Nation Cafe,2025-08-30,2,181,37324.0,206.20994475138122,4.4,4,5,4,13,454,Champions
The Bon Bon Bakers,2025-08-31,1,114,37308.0,327.2631578947368,4.471052631578948,5,4,4,13,544,Champions
Scholars,2025-08-31,1,160,37030.0,231.4375,4.3012500000000005,5,4,4,13,544,Champions
Steamin Mugs Cafe & Restaurant,2025-08-31,1,155,36995.0,238.67741935483872,4.312258064516129,5,4,4,13,544,Champions
Oriental Restaurant,2025-08-31,1,161,36934.75,229.4083850931677,4.2931677018633545,5,4,4,13,544,Champions
Auckland Hotel And Restaurant,2025-08-31,1,156,36756.0,235.6153846153846,4.287179487179488,5,4,4,13,544,Champions
Laduram Nanagram Mawawala,2025-08-30,2,244,36699.1,150.4061475409836,4.443032786885246,4,5,4,13,454,Champions
Gurukripa Restaurant - Sarwate,2025-08-31,1,170,36479.0,214.58235294117648,4.2564705882352944,5,4,4,13,544,Champions
Chopstyx,2025-08-31,1,138,36136.0,261.8550724637681,4.45072463768116,5,4,4,13,544,Champions
Royal The City Club Restaurant,2025-08-31,1,157,35346.0,225.13375796178343,4.4,5,4,4,13,544,Champions
Homely,2025-08-31,1,177,34814.0,196.68926553672316,4.254237288135593,5,4,4,13,544,Champions
Ganguram,2025-08-31,1,124,34425.0,277.6209677419355,4.541935483870968,5,4,4,13,544,Champions
Bawarchi - The Royal Chef,2025-08-31,1,116,34045.0,293.4913793103448,4.331896551724138,5,4,4,13,544,Champions
6 Ballygunge Place Takeaway,2025-08-31,1,169,33570.0,198.63905325443787,4.549112426035503,5,4,4,13,544,Champions
Palaaram,2025-08-31,1,109,33241.54,304.968256880734,4.524770642201835,5,4,4,13,544,Champions
Gopal Mistanna Bhandar,2025-08-30,2,238,33078.0,138.98319327731093,4.3726890756302526,4,5,4,13,454,Champions
Fast Pizza,2025-08-31,1,105,32959.5,313.9,4.304761904761905,5,4,4,13,544,Champions
Quick Bites,2025-08-30,2,194,32820.0,169.17525773195877,4.328865979381444,4,5,4,13,454,Champions
Nandhana Palace,2025-08-31,1,131,32699.09,249.61137404580154,4.458015267175573,5,4,4,13,544,Champions
Veer Ji Malai Chaap Wale,2025-08-31,1,150,32632.0,217.54666666666665,4.301333333333334,5,4,4,13,544,Champions
Mikado Restaurant,2025-08-31,1,107,32125.0,300.23364485981307,4.057943925233645,5,4,4,13,544,Champions
Mayur Hotel & Restaurant,2025-08-31,1,177,32019.0,180.89830508474577,4.364406779661017,5,4,4,13,544,Champions
DragonWok Restaurant,2025-08-31,1,162,32015.0,197.62345679012347,4.438888888888889,5,4,4,13,544,Champions
Apna Vaishno Dhaba,2025-08-31,1,150,30607.0,204.04666666666665,4.198,5,4,4,13,544,Champions
Gita Samosa Centre,2025-08-30,2,205,30065.0,146.65853658536585,4.400975609756098,4,5,4,13,454,Champions
Habitat Restaurant,2025-08-31,1,124,29090.0,234.59677419354838,4.25241935483871,5,4,4,13,544,Champions
Sri Ganga veg restaurant,2025-08-31,1,165,28980.0,175.63636363636363,4.405454545454545,5,4,4,13,544,Champions
Daya Hari Mithai,2025-08-30,2,227,27074.0,119.26872246696036,4.453744493392071,4,5,4,13,454,Champions
Mountain's Pizza Club,2025-08-31,1,110,26846.0,244.05454545454546,4.340000000000001,5,4,4,13,544,Champions
Delly Belly,2025-08-31,1,145,26610.0,183.51724137931035,4.504137931034483,5,4,4,13,544,Champions
Briyanis Mahal,2025-08-31,1,157,26312.0,167.59235668789808,4.367515923566879,5,4,4,13,544,Champions
Wendo's Pizza,2025-08-31,1,124,25902.0,208.88709677419354,4.281451612903226,5,4,4,13,544,Champions
Devrana Express,2025-08-31,1,107,25840.0,241.49532710280374,4.399065420560748,5,4,4,13,544,Champions
Om Sweets & Snacks,2025-08-31,1,138,25802.92,186.97768115942029,4.428985507246377,5,4,4,13,544,Champions
Saurashtra Chawana & Sweets,2025-08-31,1,159,25528.0,160.55345911949686,4.447169811320755,5,4,4,13,544,Champions
Lord Petrick,2025-08-31,1,107,24808.9,231.8588785046729,4.416822429906542,5,4,4,13,544,Champions
Shreelal Food Plaza,2025-08-31,1,150,24582.0,163.88,4.3293333333333335,5,4,4,13,544,Champions
4 Seasons,2025-08-31,1,125,24030.0,192.24,4.4,5,4,4,13,544,Champions
Jay Bhavani Vadapav,2025-08-31,1,188,19503.0,103.73936170212765,4.34468085106383,5,5,3,13,553,Loyal Partners
EatFit,2025-08-28,4,502,153815.0,306.4043824701195,4.377290836653387,2,5,5,12,255,At Risk
Urban Pinds Food Factory,2025-08-27,5,243,139879.0,575.633744855967,4.182304526748972,2,5,5,12,255,At Risk
Pikwik Since 1991,2025-08-28,4,295,129362.0,438.51525423728816,4.304745762711865,2,5,5,12,255,At Risk
Trelly,2025-08-27,5,374,90710.0,242.54010695187165,4.44385026737968,2,5,5,12,255,At Risk
Taco Bell,2025-08-28,4,260,76896.53,295.7558846153846,4.287692307692308,2,5,5,12,255,At Risk
Cocoa Bakery,2025-08-29,3,167,75661.4,453.0622754491018,4.516167664670659,3,4,5,12,345,Loyal Partners
ITC Aashirvaad Soul Creations,2025-08-28,4,296,71277.0,240.80067567567568,4.326013513513513,2,5,5,12,255,At Risk
Paprika - Pramod Laddu Bhandar,2025-08-28,4,211,64961.9,307.87630331753553,4.3819905213270145,2,5,5,12,255,At Risk
Kim Pou Restaurent,2025-08-28,4,195,56900.0,291.79487179487177,4.415897435897436,2,5,5,12,255,At Risk
SMOOR,2025-08-30,2,104,51441.0,494.625,4.478846153846154,4,3,5,12,435,Big Spenders
Barbeque Nation,2025-08-30,2,90,50925.0,565.8333333333334,4.366666666666666,4,3,5,12,435,Big Spenders
ZAZA Mughal Biryani,2025-08-28,4,182,50744.0,278.8131868131868,4.310989010989011,2,5,5,12,255,At Risk
Aao Ji Te Khao Ji,2025-08-28,4,203,47320.0,233.10344827586206,4.3605911330049265,2,5,5,12,255,At Risk
Pind Balluchi,2025-08-29,3,145,47288.0,326.1241379310345,4.382068965517242,3,4,5,12,345,Loyal Partners
Sakana,2025-08-30,2,95,46010.0,484.3157894736842,4.815789473684211,4,3,5,12,435,Big Spenders
Rominus Pizza And Burger,2025-08-28,4,213,45663.0,214.38028169014083,4.325821596244132,2,5,5,12,255,At Risk
Oudh 1590,2025-08-29,3,105,44084.0,419.84761904761905,4.545714285714286,3,4,5,12,345,Loyal Partners
Giani,2025-08-27,5,199,43668.12,219.43778894472362,4.463819095477387,2,5,5,12,255,At Risk
Home Plate by EatFit,2025-08-29,3,179,43012.0,240.2905027932961,4.194413407821229,3,5,4,12,354,Loyal Partners
THE PERSIAN TABLE,2025-08-30,2,145,42323.0,291.88275862068963,4.427586206896552,4,4,4,12,444,Champions
Blue Tokai Coffee Roasters,2025-08-31,1,92,42289.44,459.66782608695655,4.553260869565218,5,3,4,12,534,Big Spenders
Food On Way,2025-08-29,3,188,42042.0,223.62765957446808,4.287765957446808,3,5,4,12,354,Loyal Partners
Attitude Cafe And Restaurant Nxt,2025-08-29,3,219,39835.0,181.89497716894977,4.32648401826484,3,5,4,12,354,Loyal Partners
City Dhaba,2025-08-30,2,146,38794.0,265.71232876712327,4.296575342465754,4,4,4,12,444,Champions
Tibet Kitchen,2025-08-30,2,171,37970.0,222.046783625731,4.292397660818714,4,4,4,12,444,Champions
Badmaash Kebabi,2025-08-31,1,100,37791.0,377.91,4.221,5,3,4,12,534,Big Spenders
Cafe Go Green,2025-08-29,3,193,37770.0,195.69948186528498,4.360621761658031,3,5,4,12,354,Loyal Partners
Kashmir Trout,2025-08-31,1,93,36680.0,394.40860215053766,4.341935483870968,5,3,4,12,534,Big Spenders
Caterspoint,2025-08-30,2,112,36548.0,326.32142857142856,4.240178571428571,4,4,4,12,444,Champions
FNP Cakes By Ferns N Petals,2025-08-31,1,69,36133.0,523.6666666666666,4.407246376811594,5,3,4,12,534,Big Spenders
Salem RR Biriyani Unavagam,2025-08-30,2,128,35776.01,279.500078125,4.07109375,4,4,4,12,444,Champions
Beekays,2025-08-31,1,97,34232.0,352.9072164948454,4.3793814432989695,5,3,4,12,534,Big Spenders
Handi Punjab Ki,2025-08-29,3,182,34162.0,187.7032967032967,4.288461538461538,3,5,4,12,354,Loyal Partners
Gola Sizzlers,2025-08-31,1,85,33884.0,398.63529411764705,4.415294117647059,5,3,4,12,534,Big Spenders
Keventers - Milkshakes & Desserts,2025-08-30,2,147,33283.14,226.41591836734693,4.366666666666666,4,4,4,12,444,Champions
Cake Plaza,2025-08-30,2,107,32727.0,305.85981308411215,4.164485981308411,4,4,4,12,444,Champions
Tihar Flavours of Jail,2025-08-30,2,117,32562.0,278.3076923076923,4.294871794871795,4,4,4,12,444,Champions
Momo Nation Cafe,2025-08-30,2,171,31926.0,186.7017543859649,4.105263157894737,4,4,4,12,444,Champions
ROMNIK PIZZA,2025-08-30,2,122,30720.0,251.80327868852459,4.201639344262295,4,4,4,12,444,Champions
Parivaar Vegetarian,2025-08-30,2,137,30553.0,223.01459854014598,4.409489051094891,4,4,4,12,444,Champions
Daya Hari Chatpata,2025-08-30,2,117,30459.0,260.3333333333333,4.5025641025641026,4,4,4,12,444,Champions
INDIAN COFFEE HOUSE,2025-08-30,2,167,30134.0,180.4431137724551,4.4197604790419165,4,4,4,12,444,Champions
Mad For Momos,2025-08-30,2,119,29078.0,244.35294117647058,4.195798319327731,4,4,4,12,444,Champions
Punjabi Darbaar Dhaba,2025-08-30,2,152,29061.0,191.19078947368422,4.07171052631579,4,4,4,12,444,Champions
Odiani Hotel & Restaurant,2025-08-30,2,149,28757.0,193.0,4.231543624161074,4,4,4,12,444,Champions
MP Dhaba,2025-08-30,2,134,28575.0,213.2462686567164,4.376119402985075,4,4,4,12,444,Champions
Royal Veg. Hotel,2025-08-30,2,154,28571.0,185.52597402597402,4.364285714285715,4,4,4,12,444,Champions
Cholo Khai,2025-08-30,2,174,28555.0,164.10919540229884,4.217816091954023,4,4,4,12,444,Champions
Stay Fit Kitchen,2025-08-31,1,101,28519.0,282.36633663366337,4.411881188118812,5,3,4,12,534,Big Spenders
Nasta Bakery,2025-08-30,2,145,28075.0,193.6206896551724,4.407586206896552,4,4,4,12,444,Champions
Sodhani Sweets And Namkeen,2025-08-30,2,124,27618.29,222.72814516129034,4.520967741935484,4,4,4,12,444,Champions
South Indian Coffee House,2025-08-30,2,167,27471.0,164.49700598802394,4.280239520958084,4,4,4,12,444,Champions
Hotel Saj International,2025-08-31,1,98,26540.0,270.81632653061223,4.425510204081633,5,3,4,12,534,Big Spenders
Al-Baik,2025-08-31,1,85,26381.0,310.36470588235295,4.07529411764706,5,3,4,12,534,Big Spenders
Krishna Cafe,2025-08-31,1,102,26292.0,257.7647058823529,4.368627450980393,5,3,4,12,534,Big Spenders
Swastik Mom's Kitchen,2025-08-30,2,147,26056.0,177.2517006802721,4.386394557823129,4,4,4,12,444,Champions
Big Hunger Ashoka Biryani,2025-08-30,2,137,25930.0,189.27007299270073,4.316788321167884,4,4,4,12,444,Champions
Anna Snacks,2025-08-29,3,188,25510.0,135.69148936170214,4.18404255319149,3,5,4,12,354,Loyal Partners
Dubai Hut,2025-08-30,2,151,25123.0,166.3774834437086,4.33046357615894,4,4,4,12,444,Champions
Ghar Ka Tadka,2025-08-30,2,114,24996.0,219.26315789473685,4.129824561403509,4,4,4,12,444,Champions
Bangaliana,2025-08-31,1,133,23990.0,180.37593984962405,4.2443609022556394,5,4,3,12,543,Loyal Partners
Kwality Walls Ice Cream and More,2025-08-31,1,156,23248.19,149.02685897435896,4.456410256410257,5,4,3,12,543,Loyal Partners
Hotel Maharaja and Fast Food,2025-08-31,1,133,23091.0,173.61654135338347,4.102255639097745,5,4,3,12,543,Loyal Partners
Great Indian Khichdi by EatFit,2025-08-31,1,112,22964.0,205.03571428571428,4.332142857142857,5,4,3,12,543,Loyal Partners
Street 9,2025-08-31,1,147,22314.0,151.79591836734693,4.368707482993198,5,4,3,12,543,Loyal Partners
Dhaba 14,2025-08-31,1,153,21780.0,142.35294117647058,4.10718954248366,5,4,3,12,543,Loyal Partners
The Airawat Kitchen,2025-08-31,1,136,21308.0,156.6764705882353,4.271323529411765,5,4,3,12,543,Loyal Partners
Singh's Town Cafe,2025-08-31,1,150,19865.0,132.43333333333334,4.181333333333334,5,4,3,12,543,Loyal Partners
DMB Sweets Pvt Ltd,2025-08-31,1,128,19124.5,149.41015625,4.4546875,5,4,3,12,543,Loyal Partners
Kaleva,2025-08-31,1,113,18467.8,163.43185840707963,4.377876106194691,5,4,3,12,543,Loyal Partners
Chullah,2025-08-31,1,133,18054.0,135.74436090225564,4.424812030075188,5,4,3,12,543,Loyal Partners
Sasuma,2025-08-31,1,127,17635.0,138.85826771653544,4.3251968503937,5,4,3,12,543,Loyal Partners
Dip N Bite,2025-08-31,1,110,17020.13,154.72845454545455,4.3100000000000005,5,4,3,12,543,Loyal Partners
Varalakshmi Tiffins,2025-08-31,1,125,16545.0,132.36,4.4872,5,4,3,12,543,Loyal Partners
Pal Sweet and Dhaba,2025-08-31,1,160,15800.0,98.75,4.08,5,4,3,12,543,Loyal Partners
Cloud Kitchen,2025-08-31,1,121,15425.0,127.47933884297521,4.4,5,4,3,12,543,Loyal Partners
Mama's Kitchen,2025-08-31,1,117,14786.0,126.37606837606837,4.21965811965812,5,4,3,12,543,Loyal Partners
Dream Cafe Jaipur,2025-08-31,1,115,13732.0,119.40869565217392,4.2382608695652175,5,4,3,12,543,Loyal Partners
Jai Krishna Vaishno Dhaba,2025-08-31,1,115,13622.0,118.45217391304348,3.7426086956521742,5,4,3,12,543,Loyal Partners
Classic Radhey Sweets,2025-08-28,4,108,97955.0,906.9907407407408,4.496296296296297,2,4,5,11,245,At Risk
Harley's Fine Baking,2025-08-25,7,145,84975.0,586.0344827586207,4.484137931034483,2,4,5,11,245,At Risk
Takeout - Asian Goodness,2025-08-26,6,151,71209.0,471.5827814569536,4.509933774834437,2,4,5,11,245,At Risk
Sandy's Chocolate Laboratory,2025-08-27,5,138,58045.0,420.6159420289855,4.502173913043478,2,4,5,11,245,At Risk
Dou,2025-08-28,4,140,54542.72,389.59085714285715,4.466428571428572,2,4,5,11,245,At Risk
Cake Hut,2025-08-28,4,115,53725.0,467.17391304347825,4.608695652173913,2,4,5,11,245,At Risk
Meat and Eat,2025-08-29,3,132,42465.0,321.70454545454544,4.199242424242425,3,4,4,11,344,Loyal Partners
Andhra Gunpowder,2025-08-29,3,154,38692.0,251.24675324675326,4.353896103896104,3,4,4,11,344,Loyal Partners
Arabikaas Arabian Restaurant,2025-08-30,2,97,37966.0,391.4020618556701,4.443298969072165,4,3,4,11,434,Big Spenders
Dragon Panda,2025-08-29,3,122,35900.0,294.26229508196724,4.218852459016394,3,4,4,11,344,Loyal Partners
BOOM - Sub Style Sandwiches,2025-08-29,3,158,35366.0,223.83544303797467,4.432278481012658,3,4,4,11,344,Loyal Partners
Cherry Sweets & Confectioners,2025-08-29,3,159,35189.0,221.31446540880503,4.233333333333333,3,4,4,11,344,Loyal Partners
McCafe by McDonald's,2025-08-27,5,188,34807.72,185.14744680851064,4.388297872340426,2,5,4,11,254,At Risk
Jiva Veg,2025-08-29,3,131,34488.0,263.2671755725191,4.525954198473282,3,4,4,11,344,Loyal Partners
Long Jhon Silver's,2025-08-28,4,180,34407.0,191.15,4.381111111111111,2,5,4,11,254,At Risk
Stream Restaurant,2025-08-30,2,99,33424.0,337.6161616161616,4.26969696969697,4,3,4,11,434,Big Spenders
Lhasa Restaurant,2025-08-30,2,87,32470.0,373.2183908045977,4.3436781609195405,4,3,4,11,434,Big Spenders
Khana Khazana (Shankar Nagar),2025-08-26,6,207,31987.0,154.52657004830917,3.9927536231884058,2,5,4,11,254,At Risk
Wakhra Swaad,2025-08-30,2,96,31733.0,330.5520833333333,4.172916666666667,4,3,4,11,434,Big Spenders
Uthuppans Uppum Mulakum Restaurant,2025-08-29,3,129,31728.0,245.95348837209303,4.423255813953489,3,4,4,11,344,Loyal Partners
Yadav Doodh Dairy,2025-08-30,2,70,31441.0,449.15714285714284,4.728571428571429,4,3,4,11,434,Big Spenders
Madras Cafe,2025-08-29,3,122,31351.0,256.9754098360656,4.324590163934427,3,4,4,11,344,Loyal Partners
IGP Cakes,2025-08-30,2,79,30009.0,379.8607594936709,4.30506329113924,4,3,4,11,434,Big Spenders
City Wok Restaurant,2025-08-29,3,134,29853.0,222.78358208955223,4.156716417910448,3,4,4,11,344,Loyal Partners
"Bhatti Chicken - Grilled, NOT Fried!",2025-08-29,3,119,29176.0,245.1764705882353,4.391596638655463,3,4,4,11,344,Loyal Partners
Little Persia,2025-08-30,2,86,28541.0,331.8720930232558,4.227906976744186,4,3,4,11,434,Big Spenders
Dunkin' - Donuts & Coffee,2025-08-30,2,73,28451.0,389.73972602739724,4.282191780821918,4,3,4,11,434,Big Spenders
Awadhi,2025-08-29,3,148,27636.0,186.72972972972974,4.298648648648649,3,4,4,11,344,Loyal Partners
Tea Junction,2025-08-29,3,132,27397.0,207.5530303030303,4.472727272727273,3,4,4,11,344,Loyal Partners
Hotspot Grill,2025-08-30,2,104,27099.0,260.5673076923077,4.157692307692307,4,3,4,11,434,Big Spenders
Mellow,2025-08-30,2,102,25709.0,252.04901960784315,4.371568627450981,4,3,4,11,434,Big Spenders
Clique,2025-08-30,2,103,25704.0,249.55339805825244,4.4,4,3,4,11,434,Big Spenders
AnTeRa Courtyard,2025-08-31,1,59,24605.0,417.03389830508473,4.376271186440678,5,2,4,11,524,Big Spenders
Mealy - Your Everyday Meal,2025-08-30,2,101,24457.15,242.15,4.25940594059406,4,3,4,11,434,Big Spenders
Ovenfresh,2025-08-31,1,82,23178.0,282.6585365853659,4.426829268292683,5,3,3,11,533,Emerging
DQ Grill & Chill,2025-08-31,1,83,22845.0,275.2409638554217,4.312048192771084,5,3,3,11,533,Emerging
Vipul Dudhiya Sweets,2025-08-30,2,125,22207.0,177.656,4.518400000000001,4,4,3,11,443,Loyal Partners
Pour Tous,2025-08-31,1,93,22180.0,238.49462365591398,4.3032258064516125,5,3,3,11,533,Emerging
"Greenox- Healthy Bites, Happy Lives",2025-08-31,1,78,22040.0,282.56410256410254,4.364102564102565,5,3,3,11,533,Emerging
Bengaluru Central Cafe,2025-08-30,2,135,21972.0,162.75555555555556,4.242962962962963,4,4,3,11,443,Loyal Partners
Bhikharam Chandmal,2025-08-30,2,127,21555.0,169.7244094488189,4.416535433070866,4,4,3,11,443,Loyal Partners
Rama Restaurant,2025-08-30,2,125,21136.0,169.088,4.2704,4,4,3,11,443,Loyal Partners
Baskin Robbins Happyness Shakes,2025-08-31,1,89,21049.6,236.51235955056177,4.404494382022473,5,3,3,11,533,Emerging
Zaika Family Fast Food,2025-08-31,1,78,20551.0,263.47435897435895,3.9461538461538463,5,3,3,11,533,Emerging
Dilli Dhaba And Restaurant,2025-08-30,2,130,20395.0,156.8846153846154,4.332307692307693,4,4,3,11,443,Loyal Partners
Felafels Restaurant,2025-08-31,1,101,19994.0,197.96039603960395,4.2732673267326735,5,3,3,11,533,Emerging
Amrit Sweets Phase 5,2025-08-31,1,83,19869.0,239.3855421686747,4.478313253012048,5,3,3,11,533,Emerging
Burgrill - OG's of Grilled Burger,2025-08-31,1,77,19728.92,256.21974025974026,4.445454545454545,5,3,3,11,533,Emerging
Cafe Aurora,2025-08-31,1,85,19470.0,229.05882352941177,4.469411764705883,5,3,3,11,533,Emerging
Hotel Surabhi udupi veg,2025-08-30,2,125,19308.0,154.464,4.26,4,4,3,11,443,Loyal Partners
Shakti - The Sandwich Shop,2025-08-31,1,75,19086.0,254.48,4.269333333333333,5,3,3,11,533,Emerging
Kaushal Punjabi Rasoi,2025-08-31,1,95,19064.0,200.67368421052632,4.4,5,3,3,11,533,Emerging
Mast Biryani,2025-08-31,1,67,19046.0,284.2686567164179,4.334328358208955,5,3,3,11,533,Emerging
VIP Sweets Pvt. Ltd.,2025-08-30,2,108,18937.0,175.34259259259258,4.406481481481482,4,4,3,11,443,Loyal Partners
Kuppuswami,2025-08-30,2,121,18055.0,149.21487603305786,4.090909090909091,4,4,3,11,443,Loyal Partners
Baba Tourist Lodge,2025-08-31,1,82,17899.0,218.28048780487805,4.495121951219512,5,3,3,11,533,Emerging
Cafe Parizaad,2025-08-30,2,110,17818.0,161.98181818181817,4.13909090909091,4,4,3,11,443,Loyal Partners
Jain Mithai Bhandar (JMB),2025-08-30,2,119,17789.0,149.48739495798318,4.318487394957983,4,4,3,11,443,Loyal Partners
Octopus Bakes and Bistro,2025-08-31,1,84,16264.0,193.61904761904762,4.376190476190477,5,3,3,11,533,Emerging
Bunk Restro & Cafe,2025-08-31,1,95,16228.0,170.82105263157894,4.4,5,3,3,11,533,Emerging
51 Rainbows,2025-08-31,1,79,16050.0,203.16455696202533,4.341772151898734,5,3,3,11,533,Emerging
Dhabha PB03,2025-08-31,1,89,14947.0,167.9438202247191,4.4,5,3,3,11,533,Emerging
Crown Restaurant,2025-08-31,1,82,14937.0,182.15853658536585,4.378048780487805,5,3,3,11,533,Emerging
Elite Family Choice Restaurant,2025-08-31,1,68,14535.0,213.75,4.41029411764706,5,3,3,11,533,Emerging
Flavours Of Punjab,2025-08-31,1,70,14401.0,205.72857142857143,4.417142857142858,5,3,3,11,533,Emerging
Samridhi At Kochi,2025-08-31,1,88,14293.0,162.42045454545453,4.482954545454546,5,3,3,11,533,Emerging
ONE PLUS PIZZA HUB,2025-08-31,1,68,14170.0,208.38235294117646,4.463235294117647,5,3,3,11,533,Emerging
So Southy,2025-08-31,1,68,13564.0,199.47058823529412,4.347058823529412,5,3,3,11,533,Emerging
Puneet Misthan Bhandar,2025-08-31,1,123,12858.0,104.53658536585365,4.404878048780488,5,4,2,11,542,Loyal Partners
Sherowali Sweets And Fast Foods,2025-08-31,1,157,12066.0,76.85350318471338,4.461146496815286,5,4,2,11,542,Loyal Partners
Chandimata Mistanna Bhander,2025-08-31,1,106,7889.0,74.4245283018868,4.528301886792453,5,4,2,11,542,Loyal Partners
Baker's Estate,2025-08-26,6,76,43411.0,571.1973684210526,4.397368421052632,2,3,5,10,235,Big Spenders
Tan-Sukh by Kanha,2025-08-27,5,161,42593.0,264.5527950310559,4.4590062111801245,2,4,4,10,244,At Risk
Sopo,2025-08-29,3,73,42155.0,577.4657534246576,4.508219178082192,3,3,4,10,334,Big Spenders
Hola Pasta - Fresh Gourmet Pasta,2025-08-28,4,156,42107.0,269.9166666666667,4.33525641025641,2,4,4,10,244,At Risk
Babka Goa,2025-08-29,3,95,41020.0,431.7894736842105,4.557894736842106,3,3,4,10,334,Big Spenders
De Linz Cafe,2025-08-29,3,97,39192.0,404.0412371134021,4.171134020618557,3,3,4,10,334,Big Spenders
UK Pizza Hut,2025-08-27,5,126,38016.0,301.7142857142857,4.023015873015873,2,4,4,10,244,At Risk
Frespresso,2025-08-28,4,123,37994.0,308.8943089430894,4.223577235772358,2,4,4,10,244,At Risk
Machhli Baba Fries,2025-08-27,5,133,37721.0,283.61654135338347,4.260902255639098,2,4,4,10,244,At Risk
Captain Sam's Pizza,2025-08-27,5,124,37276.0,300.61290322580646,3.889516129032258,2,4,4,10,244,At Risk
Sambharsa,2025-08-26,6,140,37080.0,264.85714285714283,4.357857142857143,2,4,4,10,244,At Risk
Tree Cafe And Restaurants,2025-08-28,4,153,36568.0,239.00653594771242,4.247712418300654,2,4,4,10,244,At Risk
New Parivar Restaurant,2025-08-27,5,139,35039.0,252.0791366906475,4.366187050359712,2,4,4,10,244,At Risk
Aubree,2025-08-30,2,57,33536.44,588.3585964912281,4.494736842105263,4,2,4,10,424,Big Spenders
The Food Court,2025-08-28,4,156,33139.0,212.42948717948718,4.2480769230769235,2,4,4,10,244,At Risk
Pyramid Express,2025-08-29,3,71,32999.0,464.77464788732397,4.374647887323944,3,3,4,10,334,Big Spenders
Barbecue Live,2025-08-28,4,107,32904.0,307.5140186915888,4.134579439252337,2,4,4,10,244,At Risk
Bread Cafe,2025-08-28,4,120,32891.0,274.09166666666664,4.295,2,4,4,10,244,At Risk
Burger Singh(Big Punjabi Burgers),2025-08-27,5,150,32661.8,217.74533333333332,4.32,2,4,4,10,244,At Risk
Porch Grill Restaurant,2025-08-27,5,178,32495.0,182.5561797752809,4.373595505617978,2,4,4,10,244,At Risk
Anna Punjabi,2025-08-28,4,164,31957.0,194.859756097561,4.192073170731708,2,4,4,10,244,At Risk
Modern Foods Bakery & Restauran,2025-08-28,4,126,31181.0,247.46825396825398,4.176984126984127,2,4,4,10,244,At Risk
Social,2025-08-29,3,78,30715.0,393.78205128205127,4.315384615384616,3,3,4,10,334,Big Spenders
Buzz Inn Restaurant,2025-08-28,4,125,28900.0,231.2,4.4048,2,4,4,10,244,At Risk
Nathu'S Sweets And Restaurant,2025-08-26,6,116,27399.0,236.19827586206895,4.105172413793103,2,4,4,10,244,At Risk
Hill View Holiday Home And Resort,2025-08-27,5,114,27123.0,237.92105263157896,4.197368421052632,2,4,4,10,244,At Risk
Chinese Fast Food,2025-08-26,6,129,26932.0,208.7751937984496,4.386821705426358,2,4,4,10,244,At Risk
7th Heaven,2025-08-29,3,75,26389.0,351.85333333333335,4.282666666666667,3,3,4,10,334,Big Spenders
Hotel Platinum & Restaurant,2025-08-29,3,90,25810.0,286.77777777777777,4.526666666666667,3,3,4,10,334,Big Spenders
Uttam Sweets Bakery & Restaurant,2025-08-29,3,93,24630.0,264.83870967741933,4.173118279569893,3,3,4,10,334,Big Spenders
Khana Khazana,2025-08-29,3,144,23840.0,165.55555555555554,4.299305555555556,3,4,3,10,343,Loyal Partners
New Little Hut Family Restaurant,2025-08-29,3,134,23574.9,175.9320895522388,4.075373134328358,3,4,3,10,343,Loyal Partners
Angry Sardar Courtyard,2025-08-30,2,77,23337.0,303.0779220779221,4.549350649350649,4,3,3,10,433,Emerging
Blackfern Restaurant,2025-08-29,3,137,22148.0,161.66423357664235,4.377372262773723,3,4,3,10,343,Loyal Partners
Millet Express,2025-08-30,2,103,21325.0,207.03883495145632,4.193203883495145,4,3,3,10,433,Emerging
Etho Metho,2025-08-30,2,75,20936.0,279.14666666666665,4.4,4,3,3,10,433,Emerging
9 Hills Bistro,2025-08-30,2,72,20900.0,290.27777777777777,4.466666666666667,4,3,3,10,433,Emerging
Urban Nawab,2025-08-30,2,86,20708.0,240.7906976744186,4.455813953488373,4,3,3,10,433,Emerging
The Bewakoof Hotel,2025-08-29,3,128,20424.0,159.5625,4.37265625,3,4,3,10,343,Loyal Partners
Radhey Lal Premium Sweets,2025-08-31,1,60,19575.0,326.25,4.501666666666667,5,2,3,10,523,Emerging
Roll Xpress,2025-08-29,3,113,19372.0,171.43362831858408,4.3398230088495575,3,4,3,10,343,Loyal Partners
Deep Sweets,2025-08-30,2,72,18932.0,262.94444444444446,4.327777777777778,4,3,3,10,433,Emerging
Radhey Lal's Parampara Sweets,2025-08-30,2,84,18900.0,225.0,4.7369047619047615,4,3,3,10,433,Emerging
Jonas Cafe,2025-08-29,3,114,18770.0,164.64912280701753,4.438596491228071,3,4,3,10,343,Loyal Partners
Keventers Waffles & Ice Cream,2025-08-30,2,75,18494.18,246.58906666666667,4.386666666666667,4,3,3,10,433,Emerging
Tasty Tastes - Nagmapal,2025-08-30,2,94,18491.0,196.7127659574468,4.023404255319149,4,3,3,10,433,Emerging
Amaris,2025-08-30,2,68,18480.0,271.7647058823529,4.344117647058824,4,3,3,10,433,Emerging
Shri Ram Dhaba,2025-08-30,2,91,18401.0,202.2087912087912,4.4,4,3,3,10,433,Emerging
Sachins Dragon Villa,2025-08-30,2,93,18017.0,193.7311827956989,4.373118279569893,4,3,3,10,433,Emerging
The Grill Republic,2025-08-30,2,99,17870.0,180.5050505050505,4.441414141414142,4,3,3,10,433,Emerging
Red Chilliz,2025-08-30,2,91,17780.0,195.3846153846154,4.035164835164835,4,3,3,10,433,Emerging
Thalairaj Biryani,2025-08-31,1,59,17293.0,293.10169491525426,4.567796610169491,5,2,3,10,523,Emerging
RNR Biryani - Taste of 1953,2025-08-31,1,55,16892.12,307.1294545454545,4.290909090909091,5,2,3,10,523,Emerging
The Retro Rolls,2025-08-30,2,82,16216.0,197.7560975609756,4.315853658536585,4,3,3,10,433,Emerging
The Brooklyn Creamery - Healthy Ice Cream,2025-08-30,2,72,15535.62,215.7725,4.472222222222222,4,3,3,10,433,Emerging
PINK CITY FOOD CORNER,2025-08-29,3,124,15098.0,121.75806451612904,4.429032258064517,3,4,3,10,343,Loyal Partners
Mani's Cafe,2025-08-29,3,107,14845.0,138.73831775700936,4.349532710280374,3,4,3,10,343,Loyal Partners
The biryani story (HALAL),2025-08-30,2,67,14820.0,221.19402985074626,4.159701492537313,4,3,3,10,433,Emerging
Truck Wala Dhaba,2025-08-30,2,73,14524.0,198.95890410958904,3.868493150684932,4,3,3,10,433,Emerging
Burger Headquarter,2025-08-30,2,82,14383.0,175.40243902439025,4.3012195121951216,4,3,3,10,433,Emerging
Takeout,2025-08-30,2,95,14326.0,150.8,4.461052631578948,4,3,3,10,433,Emerging
Dosa Hub,2025-08-30,2,92,14219.0,154.55434782608697,4.154347826086957,4,3,3,10,433,Emerging
Haona Chao,2025-08-31,1,59,14190.0,240.5084745762712,4.272881355932204,5,2,3,10,523,Emerging
Snehalata Fast Food,2025-08-30,2,85,13909.0,163.63529411764705,4.069411764705882,4,3,3,10,433,Emerging
Dreams Cafe,2025-08-31,1,66,13861.0,210.0151515151515,3.721212121212121,5,2,3,10,523,Emerging
FAT TIGER,2025-08-31,1,61,13579.0,222.60655737704917,4.4,5,2,3,10,523,Emerging
Shabal Restaurant,2025-08-30,2,73,13453.0,184.2876712328767,4.304109589041095,4,3,3,10,433,Emerging
Krishnaz,2025-08-30,2,81,13445.0,165.98765432098764,3.9703703703703708,4,3,3,10,433,Emerging
GLOBO Ice Creams Of The World,2025-08-31,1,91,13356.0,146.76923076923077,4.430769230769231,5,3,2,10,532,Emerging
Bektash,2025-08-31,1,84,13132.0,156.33333333333334,4.4297619047619055,5,3,2,10,532,Emerging
Chinese Hut,2025-08-31,1,101,12936.0,128.07920792079207,4.4,5,3,2,10,532,Emerging
Green Chilly,2025-08-30,2,119,12925.0,108.61344537815125,4.4,4,4,2,10,442,Loyal Partners
Chhote Lal Restaurant,2025-08-31,1,70,12860.0,183.71428571428572,4.4,5,3,2,10,532,Emerging
Roll Corner,2025-08-31,1,88,12793.0,145.375,3.778409090909091,5,3,2,10,532,Emerging
Brijwasi Pure Veg,2025-08-30,2,113,12455.0,110.22123893805309,4.332743362831859,4,4,2,10,442,Loyal Partners
Sodhani Sweets,2025-08-31,1,70,12303.9,175.76999999999998,4.467142857142857,5,3,2,10,532,Emerging
Alakapuri,2025-08-31,1,88,12036.0,136.77272727272728,4.642045454545454,5,3,2,10,532,Emerging
Chai Sutta Bar,2025-08-30,2,114,11974.0,105.03508771929825,4.340350877192982,4,4,2,10,442,Loyal Partners
Nazim Khan Kathi Roll,2025-08-31,1,72,11216.0,155.77777777777777,4.213888888888889,5,3,2,10,532,Emerging
Krishna Restaurant,2025-08-30,2,109,11214.0,102.88073394495413,4.286238532110092,4,4,2,10,442,Loyal Partners
Dessi Cuppa,2025-08-31,1,99,10990.0,111.01010101010101,4.1959595959595966,5,3,2,10,532,Emerging
Kachori King,2025-08-31,1,85,10814.0,127.2235294117647,4.291764705882353,5,3,2,10,532,Emerging
Panna Sweets & Restaurant,2025-08-30,2,110,10811.0,98.28181818181818,4.66,4,4,2,10,442,Loyal Partners
N Chennai Express,2025-08-31,1,82,10795.0,131.64634146341464,4.0963414634146345,5,3,2,10,532,Emerging
Papputt's Valsa Cafe,2025-08-31,1,71,8020.0,112.95774647887323,4.5436619718309865,5,3,2,10,532,Emerging
Snoosh Ice Cream Parlour,2025-08-31,1,75,7556.0,100.74666666666667,4.441333333333334,5,3,2,10,532,Emerging
Sri Sindhu Bhavan,2025-08-31,1,82,7335.0,89.45121951219512,4.386585365853659,5,3,2,10,532,Emerging
Mustard Cafe - Hotel Astoria,2025-08-27,5,83,41660.0,501.9277108433735,4.453012048192772,2,3,4,9,234,Big Spenders
Baba Au Rhum Badem,2025-08-26,6,85,39695.0,467.0,4.442352941176471,2,3,4,9,234,Big Spenders
Costa Coffee,2025-08-21,11,134,38477.68,287.1468656716418,4.402985074626866,1,4,4,9,144,At Risk
"UBQ-Meals,Thalis & Bowls",2025-08-28,4,89,37696.0,423.55056179775283,4.244943820224719,2,3,4,9,234,Big Spenders
The Pizza Project by Oven Story,2025-08-25,7,77,32844.0,426.54545454545456,4.381818181818182,2,3,4,9,234,Big Spenders
Shakti Sweets Since 1966,2025-08-25,7,94,30470.0,324.1489361702128,4.343617021276596,2,3,4,9,234,Big Spenders
Kalash Cloud Kitchen,2025-08-28,4,104,29183.0,280.6057692307692,4.4,2,3,4,9,234,Big Spenders
Zongri Bakery & Cafe,2025-08-27,5,72,27737.0,385.2361111111111,4.409722222222222,2,3,4,9,234,Big Spenders
Jashan Restaurant,2025-08-28,4,93,27713.0,297.98924731182797,4.36236559139785,2,3,4,9,234,Big Spenders
Southern Taste,2025-08-19,13,131,27384.0,209.0381679389313,4.044274809160305,1,4,4,9,144,At Risk
Pyramid,2025-08-29,3,58,27162.0,468.3103448275862,4.362068965517241,3,2,4,9,324,Big Spenders
Mio Amore,2025-08-25,7,89,26009.89,292.24595505617975,4.512359550561798,2,3,4,9,234,Big Spenders
Ooopar Resto,2025-08-26,6,78,25785.0,330.5769230769231,4.338461538461539,2,3,4,9,234,Big Spenders
Gwalia Sweets & Dairy Products,2025-08-28,4,93,25724.0,276.60215053763443,4.383870967741936,2,3,4,9,234,Big Spenders
Ovenly by Khurana's,2025-08-26,6,91,25330.0,278.35164835164835,4.4945054945054945,2,3,4,9,234,Big Spenders
Salad Days,2025-08-28,4,93,25214.0,271.1182795698925,4.566666666666666,2,3,4,9,234,Big Spenders
FIKA,2025-08-26,6,81,24773.0,305.8395061728395,4.419753086419753,2,3,4,9,234,Big Spenders
Winni Cakes & More,2025-08-27,5,89,24672.97,277.2243820224719,4.3382022471910116,2,3,4,9,234,Big Spenders
Pablo's Kitchen,2025-08-27,5,90,24487.0,272.0777777777778,4.355555555555556,2,3,4,9,234,Big Spenders
Deja Vu,2025-08-28,4,90,24299.0,269.9888888888889,4.391111111111112,2,3,4,9,234,Big Spenders
Firangi Bake,2025-08-28,4,70,24139.0,344.84285714285716,4.315714285714286,2,3,4,9,234,Big Spenders
Loyans Bakery & Confectionery,2025-08-25,7,75,24112.0,321.49333333333334,4.492000000000001,2,3,4,9,234,Big Spenders
Grills Cafe,2025-08-28,4,108,23550.0,218.05555555555554,4.326851851851852,2,4,3,9,243,At Risk
Tea Post,2025-08-29,3,101,23124.0,228.95049504950495,4.357425742574257,3,3,3,9,333,Emerging
Pizza Crust,2025-08-27,5,123,22928.0,186.40650406504065,4.234959349593496,2,4,3,9,243,At Risk
Momo Cafe - Courtyard by Marriott,2025-08-29,3,75,22285.0,297.1333333333333,4.4,3,3,3,9,333,Emerging
Amritsari Food Platter,2025-08-25,7,127,21952.0,172.8503937007874,4.127559055118111,2,4,3,9,243,At Risk
Udupi Cafe Bangalore Idli,2025-08-28,4,107,21672.0,202.54205607476635,4.385981308411215,2,4,3,9,243,At Risk
Friends Corner,2025-08-29,3,86,21547.0,250.54651162790697,4.452325581395349,3,3,3,9,333,Emerging
Theth Masala,2025-08-29,3,72,21456.0,298.0,4.445833333333334,3,3,3,9,333,Emerging
I food u,2025-08-27,5,113,20850.0,184.5132743362832,4.371681415929204,2,4,3,9,243,At Risk
Smoke House - Sangaiprou,2025-08-29,3,70,20020.0,286.0,4.331428571428572,3,3,3,9,333,Emerging
Grand Biryani Mahal,2025-08-29,3,94,19676.0,209.31914893617022,4.2042553191489365,3,3,3,9,333,Emerging
Punjabi Rasoi,2025-08-29,3,99,19495.0,196.91919191919192,4.218181818181819,3,3,3,9,333,Emerging
Salam Namaste Hotel & Restaurant,2025-08-28,4,106,19323.0,182.29245283018867,4.4,2,4,3,9,243,At Risk
The Thangapat Restaurant,2025-08-27,5,137,18744.0,136.8175182481752,4.398540145985401,2,4,3,9,243,At Risk
Roll's Hut,2025-08-29,3,99,18720.0,189.0909090909091,4.277777777777778,3,3,3,9,333,Emerging
Wooden Plate,2025-08-30,2,53,18589.0,350.7358490566038,4.692452830188679,4,2,3,9,423,Emerging
Sweet Truth,2025-08-29,3,73,18073.5,247.58219178082192,4.605479452054794,3,3,3,9,333,Emerging
Khuangthali Restaurant,2025-08-26,6,118,17900.0,151.6949152542373,4.366101694915255,2,4,3,9,243,At Risk
Anna (Truly Veg),2025-08-28,4,150,17770.0,118.46666666666667,4.147333333333333,2,4,3,9,243,At Risk
Bawarchi Ac Family Restaurant,2025-08-29,3,78,16193.0,207.60256410256412,4.121794871794871,3,3,3,9,333,Emerging
Dawat-E-Khas Sweets & Snacks,2025-08-29,3,71,16069.0,226.32394366197184,3.8507042253521124,3,3,3,9,333,Emerging
Wow! Kulfi,2025-08-28,4,139,15991.0,115.0431654676259,4.368345323741008,2,4,3,9,243,At Risk
Kaati Zone Rolls & Wraps,2025-08-30,2,58,15957.0,275.12068965517244,4.13448275862069,4,2,3,9,423,Emerging
Suruchi,2025-08-27,5,115,15924.0,138.4695652173913,4.358260869565218,2,4,3,9,243,At Risk
Kumar'S Sweet Shop (Jakhan),2025-08-28,4,113,15217.0,134.6637168141593,4.1946902654867255,2,4,3,9,243,At Risk
Sunny's Restaurant - Keishampat,2025-08-29,3,80,14740.0,184.25,4.3950000000000005,3,3,3,9,333,Emerging
One Bite New,2025-08-30,2,63,14632.0,232.25396825396825,4.401587301587302,4,2,3,9,423,Emerging
Rasoi Restaurant,2025-08-29,3,68,14514.0,213.44117647058823,4.386764705882353,3,3,3,9,333,Emerging
Black Box Cafe,2025-08-29,3,101,13907.0,137.69306930693068,4.4,3,3,3,9,333,Emerging
The Sweet Cafe,2025-08-29,3,78,13770.0,176.53846153846155,4.4,3,3,3,9,333,Emerging
A Cheesy Sandwich,2025-08-27,5,116,13686.0,117.98275862068965,4.410344827586207,2,4,3,9,243,At Risk
Cakes By Flower Aura,2025-08-31,1,23,13624.0,592.3478260869565,4.330434782608696,5,1,3,9,513,Emerging
Minus 30,2025-08-30,2,66,13533.98,205.06030303030303,4.586363636363636,4,2,3,9,423,Emerging
Treat,2025-08-31,1,64,13335.0,208.359375,4.4,5,2,2,9,522,Emerging
Udupi Cafe North India,2025-08-30,2,71,13159.0,185.33802816901408,4.207042253521126,4,3,2,9,432,Emerging
Chahat Biryani,2025-08-30,2,68,12796.0,188.1764705882353,4.269117647058824,4,3,2,9,432,Emerging
Hotel Shubham Palace - Dhanturi Group of Hotels,2025-08-30,2,67,12762.0,190.47761194029852,4.307462686567164,4,3,2,9,432,Emerging
Siddhu Punjabi Bhojnalaya,2025-08-30,2,89,12714.0,142.85393258426967,4.389887640449439,4,3,2,9,432,Emerging
Le Meridien - Latest Recipe,2025-08-31,1,33,12556.0,380.4848484848485,4.415151515151515,5,2,2,9,522,Emerging
Karigari - By Chef Harpal Singh Sokhi,2025-08-31,1,45,12545.0,278.77777777777777,4.233333333333333,5,2,2,9,522,Emerging
Harishankar Veg Restro,2025-08-30,2,74,12487.0,168.74324324324326,4.2472972972972975,4,3,2,9,432,Emerging
BK Cafe,2025-08-31,1,48,12312.0,256.5,4.364583333333333,5,2,2,9,522,Emerging
Spice Garden,2025-08-30,2,75,12082.0,161.09333333333333,4.154666666666667,4,3,2,9,432,Emerging
Cafe S.F. Xavier,2025-08-31,1,60,12040.0,200.66666666666666,4.465000000000001,5,2,2,9,522,Emerging
Cafe 99,2025-08-30,2,78,11735.0,150.44871794871796,3.6858974358974357,4,3,2,9,432,Emerging
Punjabi Tikka Restaurant,2025-08-31,1,41,11717.0,285.780487804878,4.324390243902439,5,2,2,9,522,Emerging
Dabba & Co.,2025-08-30,2,86,11461.5,133.27325581395348,4.369767441860465,4,3,2,9,432,Emerging
Shyamasree Restaurant,2025-08-31,1,60,10879.0,181.31666666666666,4.331666666666666,5,2,2,9,522,Emerging
Shiv Bhandar,2025-08-31,1,47,10809.0,229.9787234042553,4.382978723404255,5,2,2,9,522,Emerging
Radhe Bol,2025-08-30,2,84,10720.0,127.61904761904762,4.291666666666667,4,3,2,9,432,Emerging
Meat Zone,2025-08-31,1,53,10218.0,192.79245283018867,4.305660377358491,5,2,2,9,522,Emerging
Hot Stuff Fast Food,2025-08-30,2,73,10166.0,139.26027397260273,3.8945205479452056,4,3,2,9,432,Emerging
USPFC - US Pizza & Fried Chicken,2025-08-31,1,48,10152.84,211.5175,4.40625,5,2,2,9,522,Emerging
Old Delhi Grillzz,2025-08-31,1,58,9982.0,172.10344827586206,4.305172413793104,5,2,2,9,522,Emerging
Apna Cafe,2025-08-30,2,102,9970.0,97.74509803921569,4.405882352941177,4,3,2,9,432,Emerging
Middle East Cafe,2025-08-31,1,37,9660.0,261.0810810810811,4.375675675675676,5,2,2,9,522,Emerging
Laxmi Food Court,2025-08-31,1,55,9155.0,166.45454545454547,4.4,5,2,2,9,522,Emerging
Vrindavan Restaurant,2025-08-31,1,46,9104.0,197.91304347826087,4.178260869565217,5,2,2,9,522,Emerging
Aloo Pitika,2025-08-31,1,60,8820.0,147.0,4.4,5,2,2,9,522,Emerging
Food Exx,2025-08-31,1,50,8769.0,175.38,4.33,5,2,2,9,522,Emerging
CAKE AND ICE PARLOUR,2025-08-31,1,45,8750.0,194.44444444444446,4.4,5,2,2,9,522,Emerging
Sherowali Restaurant And Cafe,2025-08-31,1,59,8574.0,145.32203389830508,4.455932203389831,5,2,2,9,522,Emerging
Dharma Vaishno Dhaba,2025-08-30,2,67,7877.0,117.56716417910448,4.2432835820895525,4,3,2,9,432,Emerging
K7 Hotel,2025-08-31,1,54,7755.0,143.61111111111111,4.4,5,2,2,9,522,Emerging
Abar Khabo,2025-08-31,1,59,7629.0,129.3050847457627,4.357627118644068,5,2,2,9,522,Emerging
Malabar Plaza,2025-08-31,1,48,7479.0,155.8125,4.10625,5,2,2,9,522,Emerging
A Pizza House,2025-08-31,1,60,7331.0,122.18333333333334,4.378333333333334,5,2,2,9,522,Emerging
Dawat,2025-08-31,1,45,6593.0,146.51111111111112,4.126666666666667,5,2,2,9,522,Emerging
Sri Venkateshwara Tiffin Center,2025-08-31,1,77,6133.0,79.64935064935065,4.415584415584416,5,3,1,9,531,Emerging
Poirei Com Cake Shop,2025-08-28,4,62,39687.0,640.1129032258065,4.379032258064516,2,2,4,8,224,Big Spenders
Hangout Cakes & More,2025-08-27,5,62,33521.61,540.671129032258,4.487096774193549,2,2,4,8,224,Big Spenders
Mr Choco Bakery,2025-08-27,5,65,27476.0,422.7076923076923,4.4,2,2,4,8,224,Big Spenders
The Garage Cafe,2025-08-23,9,81,25819.5,318.75925925925924,4.148148148148148,1,3,4,8,134,Big Spenders
Naobas Chakhumang Restaurant,2025-08-22,10,103,24446.0,237.3398058252427,3.8873786407766993,1,3,4,8,134,Big Spenders
Copper Kitchen,2025-08-16,16,70,24287.0,346.95714285714286,4.097142857142857,1,3,4,8,134,Big Spenders
Donald's Pastry Shop,2025-08-27,5,103,23529.0,228.4368932038835,4.365048543689321,2,3,3,8,233,At Risk
Y Not Food Express,2025-08-22,10,146,23177.0,158.74657534246575,4.14931506849315,1,4,3,8,143,At Risk
Balaji Restaurant,2025-08-19,13,174,22699.0,130.45402298850576,4.378735632183909,1,4,3,8,143,At Risk
New Khusboo Biryani (Halal),2025-08-28,4,86,21601.0,251.17441860465115,4.177906976744186,2,3,3,8,233,At Risk
The Coconut,2025-08-27,5,101,21490.0,212.77227722772278,4.343564356435644,2,3,3,8,233,At Risk
37 The Central Restaurant,2025-08-28,4,74,20370.0,275.27027027027026,4.306756756756758,2,3,3,8,233,At Risk
Natural Ice Cream,2025-08-28,4,87,20233.89,232.57344827586206,4.683908045977011,2,3,3,8,233,At Risk
Elite Kitchen,2025-08-25,7,93,20192.0,217.11827956989248,4.4,2,3,3,8,233,At Risk
CakeZone Patisserie,2025-08-28,4,77,19347.0,251.25974025974025,4.259740259740259,2,3,3,8,233,At Risk
Nisarga Family Daba,2025-08-28,4,96,19003.0,197.94791666666666,4.014583333333333,2,3,3,8,233,At Risk
Lo! - Low Carb and Keto Foods,2025-08-27,5,79,18371.44,232.5498734177215,4.3354430379746836,2,3,3,8,233,At Risk
Mahawar Baker's & Sweets,2025-08-24,8,166,18294.0,110.20481927710843,3.8807228915662653,1,4,3,8,143,At Risk
Crush Restaurant,2025-08-27,5,73,18097.0,247.9041095890411,4.163013698630137,2,3,3,8,233,At Risk
The Master Chef,2025-08-28,4,76,17925.0,235.85526315789474,4.234210526315789,2,3,3,8,233,At Risk
"Ovenfresh Pizzas, Cakes & Desserts",2025-08-29,3,49,17582.0,358.81632653061223,4.202040816326531,3,2,3,8,323,Emerging
Aurora Restaurant & Lodging,2025-08-25,7,98,17560.0,179.18367346938774,4.356122448979591,2,3,3,8,233,At Risk
Cinnabon,2025-08-29,3,62,17549.0,283.0483870967742,4.311290322580645,3,2,3,8,323,Emerging
Indrani Sweets And Restaurant,2025-08-26,6,96,17388.0,181.125,4.326041666666667,2,3,3,8,233,At Risk
Frozen Bottle,2025-08-26,6,71,17288.54,243.5005633802817,4.3605633802816905,2,3,3,8,233,At Risk
Dmb(Doodh Misthan Bhandar),2025-08-26,6,103,17189.24,166.88582524271845,4.525242718446602,2,3,3,8,233,At Risk
The Core,2025-08-26,6,67,17090.0,255.07462686567163,4.335820895522388,2,3,3,8,233,At Risk
Health Wealth Kitchen,2025-08-29,3,62,16246.0,262.03225806451616,4.135483870967742,3,2,3,8,323,Emerging
Sangai Continental (Non Halal),2025-08-29,3,41,16170.0,394.390243902439,4.397560975609756,3,2,3,8,323,Emerging
Somewhere Cafe,2025-08-27,5,86,15950.0,185.46511627906978,4.424418604651163,2,3,3,8,233,At Risk
Indiana Restaurant,2025-08-28,4,71,15733.0,221.59154929577466,4.290140845070423,2,3,3,8,233,At Risk
Izumi,2025-08-30,2,16,15380.0,961.25,4.48125,4,1,3,8,413,Emerging
AVO's Kitchen,2025-08-30,2,29,14960.0,515.8620689655172,4.420689655172414,4,1,3,8,413,Emerging
Tibetan Bowl,2025-08-27,5,68,14580.0,214.41176470588235,4.279411764705882,2,3,3,8,233,At Risk
Preeti Tiffins,2025-08-27,5,101,14225.0,140.84158415841586,4.477227722772277,2,3,3,8,233,At Risk
Chick Blast (Rajbagh),2025-08-28,4,77,14045.0,182.4025974025974,4.154545454545454,2,3,3,8,233,At Risk
Biryani Hut,2025-08-28,4,88,13380.0,152.04545454545453,4.056818181818182,2,3,3,8,233,At Risk
Priya Biryani,2025-08-30,2,49,12279.0,250.59183673469389,4.095918367346939,4,2,2,8,422,Emerging
Nakama Cafe,2025-08-30,2,63,11790.0,187.14285714285714,4.4,4,2,2,8,422,Emerging
Chai Govindam,2025-08-27,5,131,11745.0,89.65648854961832,4.4404580152671755,2,4,2,8,242,At Risk
Sindhi Sweets,2025-08-30,2,37,11250.0,304.05405405405406,4.035135135135135,4,2,2,8,422,Emerging
Chhabra's Pure Veg,2025-08-30,2,60,10476.0,174.6,4.403333333333333,4,2,2,8,422,Emerging
The Bro Momos,2025-08-29,3,71,9206.0,129.66197183098592,4.363380281690141,3,3,2,8,332,Emerging
SHARMA DHABA,2025-08-29,3,80,8548.0,106.85,4.2575,3,3,2,8,332,Emerging
Sri Vinayaka Hot Chips,2025-08-29,3,84,8530.0,101.54761904761905,4.0,3,3,2,8,332,Emerging
7th Heaven Cake Shop,2025-08-31,1,26,8435.0,324.4230769230769,4.303846153846154,5,1,2,8,512,Emerging
Taste With Me !,2025-08-30,2,57,8341.0,146.33333333333334,4.326315789473684,4,2,2,8,422,Emerging
Tealogy Cafe,2025-08-29,3,103,8300.0,80.58252427184466,4.377669902912622,3,3,2,8,332,Emerging
Ram Dairy,2025-08-29,3,71,8231.0,115.92957746478874,4.6352112676056345,3,3,2,8,332,Emerging
Idly Dosa for You,2025-08-29,3,68,7940.0,116.76470588235294,3.7852941176470587,3,3,2,8,332,Emerging
New Freeze Land,2025-08-30,2,38,7590.0,199.73684210526315,4.042105263157895,4,2,2,8,422,Emerging
Zawlbuk,2025-08-29,3,77,7440.0,96.62337662337663,4.183116883116884,3,3,2,8,332,Emerging
Hindusthan Sweets,2025-08-30,2,52,7255.0,139.51923076923077,4.540384615384616,4,2,2,8,422,Emerging
Priyas - Pure Veg,2025-08-30,2,64,7070.0,110.46875,4.46875,4,2,2,8,422,Emerging
Chai Point,2025-08-30,2,37,6677.0,180.45945945945945,4.34054054054054,4,2,2,8,422,Emerging
Tiffinette,2025-08-30,2,33,6624.0,200.72727272727272,4.412121212121212,4,2,2,8,422,Emerging
Uncle Ugen's Momo,2025-08-31,1,30,6361.0,212.03333333333333,4.6466666666666665,5,1,2,8,512,Emerging
Cafe Sai Sadanand,2025-08-30,2,70,6134.0,87.62857142857143,4.2371428571428575,4,3,1,8,431,Emerging
Eleven Aizawl,2025-08-31,1,32,6127.0,191.46875,4.503125,5,2,1,8,521,Emerging
The Family Food Truck,2025-08-31,1,33,5250.0,159.0909090909091,4.333333333333333,5,2,1,8,521,Emerging
Zam Zam Biryani,2025-08-31,1,34,4770.0,140.2941176470588,4.408823529411765,5,2,1,8,521,Emerging
Idlygo Plus,2025-08-31,1,35,4631.0,132.31428571428572,4.4,5,2,1,8,521,Emerging
French Loaf,2025-08-31,1,34,4446.69,130.785,4.329411764705882,5,2,1,8,521,Emerging
PVR Tiffins,2025-08-31,1,63,4315.0,68.4920634920635,4.27936507936508,5,2,1,8,521,Emerging
Ranga Sai Andhra Tiffins,2025-08-30,2,69,3214.25,46.583333333333336,3.9405797101449274,4,3,1,8,431,Emerging
"Dabba Garam (Homestyle,Combo, Thali & More)",2025-08-31,1,44,2416.0,54.90909090909091,4.238636363636363,5,2,1,8,521,Emerging
The Brownie Studio,2025-08-28,4,29,35537.0,1225.4137931034484,4.531034482758621,2,1,4,7,214,Big Spenders
Hotel Rimi International,2025-08-21,11,76,23776.0,312.8421052631579,4.385526315789474,1,3,3,7,133,At Risk
Pandhal Cake Shop,2025-08-28,4,53,23316.0,439.92452830188677,4.562264150943396,2,2,3,7,223,Hibernating
Itminaan Matka Biryani - Slow Cooked,2025-08-26,6,56,21942.0,391.82142857142856,4.396428571428571,2,2,3,7,223,Hibernating
Downtown Multicuisine,2025-08-24,8,95,21170.0,222.8421052631579,4.232631578947369,1,3,3,7,133,At Risk
Wendy's Flavour Fresh,2025-08-19,13,80,21054.0,263.175,4.13625,1,3,3,7,133,At Risk
Cafe Ertugrul,2025-08-16,16,82,19672.0,239.90243902439025,4.235365853658537,1,3,3,7,133,At Risk
Taaka Chinese,2025-08-25,7,63,19309.0,306.4920634920635,4.011111111111111,2,2,3,7,223,Hibernating
The cherith,2025-08-24,8,81,18259.0,225.41975308641975,4.322222222222223,1,3,3,7,133,At Risk
La Pino'Z Pizza,2025-08-28,4,57,18121.0,317.9122807017544,4.4,2,2,3,7,223,Hibernating
Agra Sweets Banjara,2025-08-26,6,60,17448.0,290.8,4.28,2,2,3,7,223,Hibernating
Rice Express By Shero,2025-08-27,5,61,17444.0,285.9672131147541,4.4,2,2,3,7,223,Hibernating
Sagar Restaurant,2025-08-25,7,64,17105.0,267.265625,4.290625,2,2,3,7,223,Hibernating
Sardarji Da Dhaba,2025-08-28,4,63,16780.0,266.3492063492063,4.303174603174604,2,2,3,7,223,Hibernating
Mini Friends Corner,2025-08-27,5,63,16220.0,257.46031746031747,4.349206349206349,2,2,3,7,223,Hibernating
Street Foods By Punjab Grill,2025-08-23,9,80,15940.0,199.25,4.282500000000001,1,3,3,7,133,At Risk
Mountain's Pizza,2025-08-27,5,59,15083.0,255.64406779661016,4.398305084745763,2,2,3,7,223,Hibernating
The Oberoi Bakers,2025-08-23,9,79,14390.0,182.15189873417722,4.267088607594937,1,3,3,7,133,At Risk
Brown Sugar,2025-08-24,8,81,14381.05,177.5438271604938,4.364197530864198,1,3,3,7,133,At Risk
Hotel Sitara Grand - Dhanturi Group of hotels,2025-08-27,5,61,14250.0,233.60655737704917,4.218032786885246,2,2,3,7,223,Hibernating
Bowljini Mix Eat Repeat,2025-08-26,6,61,14131.0,231.65573770491804,4.329508196721312,2,2,3,7,223,Hibernating
The Meating Point,2025-08-27,5,47,14073.0,299.4255319148936,4.212765957446808,2,2,3,7,223,Hibernating
New Shakti Sweets & Bakery,2025-08-24,8,77,13974.0,181.4805194805195,4.061038961038961,1,3,3,7,133,At Risk
Mio Amore - The Cake Shop,2025-08-28,4,37,13888.0,375.35135135135135,4.467567567567568,2,2,3,7,223,Hibernating
Parsa's,2025-08-27,5,63,13760.0,218.4126984126984,4.347619047619048,2,2,3,7,223,Hibernating
Idleewala,2025-08-25,7,86,12915.0,150.17441860465115,4.476744186046512,2,3,2,7,232,At Risk
Red Dragon (Chopstix),2025-08-29,3,59,12502.0,211.89830508474577,4.362711864406779,3,2,2,7,322,Emerging
Rajani's Kitchen,2025-08-29,3,59,12181.0,206.45762711864407,4.466101694915254,3,2,2,7,322,Emerging
Pizzmo,2025-08-29,3,61,12000.0,196.72131147540983,4.168852459016394,3,2,2,7,322,Emerging
Mezang Traditional Restaurant,2025-08-29,3,53,11722.0,221.16981132075472,4.350943396226415,3,2,2,7,322,Emerging
Anandji Sweets,2025-08-29,3,55,11530.0,209.63636363636363,4.485454545454545,3,2,2,7,322,Emerging
Frozzeto,2025-08-30,2,22,11434.0,519.7272727272727,4.4,4,1,2,7,412,Emerging
Momoxpress,2025-08-29,3,60,11098.0,184.96666666666667,4.336666666666667,3,2,2,7,322,Emerging
Haldiram's Restaurant,2025-08-29,3,63,10958.0,173.93650793650792,4.412698412698413,3,2,2,7,322,Emerging
Gopal's 56,2025-08-28,4,77,10625.0,137.98701298701297,4.361038961038961,2,3,2,7,232,At Risk
Shree Raghavendra,2025-08-25,7,88,10310.0,117.1590909090909,4.519318181818182,2,3,2,7,232,At Risk
Harilal's,2025-08-29,3,40,10308.03,257.70075,4.525,3,2,2,7,322,Emerging
Manbhawan Sweets,2025-08-29,3,56,10149.0,181.23214285714286,3.9125,3,2,2,7,322,Emerging
Krispy Kreme - Doughnuts & Coffee,2025-08-30,2,23,9934.0,431.9130434782609,4.452173913043478,4,1,2,7,412,Emerging
Hotel Shagun,2025-08-29,3,56,9920.0,177.14285714285714,4.396428571428571,3,2,2,7,322,Emerging
Emerald 3:14,2025-08-26,6,74,9805.0,132.5,4.264864864864865,2,3,2,7,232,At Risk
Mr Khan Restro,2025-08-29,3,61,9780.0,160.327868852459,4.398360655737705,3,2,2,7,322,Emerging
Hosanna Restaurant,2025-08-25,7,67,9710.0,144.92537313432837,4.262686567164179,2,3,2,7,232,At Risk
Chickpet Donne Biryani House,2025-08-30,2,30,9453.0,315.1,4.19,4,1,2,7,412,Emerging
Steam And Sizzle Cafe,2025-08-29,3,43,9319.0,216.72093023255815,4.4,3,2,2,7,322,Emerging
Apsara Ice Creams,2025-08-28,4,77,8924.75,115.90584415584415,4.65974025974026,2,3,2,7,232,At Risk
Darjeeling Momos,2025-08-29,3,49,8799.0,179.57142857142858,4.4,3,2,2,7,322,Emerging
Mughal Darbar Since 1999,2025-08-29,3,40,8391.0,209.775,4.0649999999999995,3,2,2,7,322,Emerging
Ifthar,2025-08-29,3,34,8387.0,246.6764705882353,4.291176470588235,3,2,2,7,322,Emerging
Absolute Shawarma,2025-08-29,3,38,8324.0,219.05263157894737,4.371052631578948,3,2,2,7,322,Emerging
Barbecue by Punjab Grill,2025-08-30,2,20,8260.0,413.0,4.36,4,1,2,7,412,Emerging
Devi Fast Food,2025-08-29,3,51,7870.0,154.31372549019608,4.537254901960784,3,2,2,7,322,Emerging
Bansal Amritsari Kulcha,2025-08-29,3,59,7809.0,132.35593220338984,4.361016949152543,3,2,2,7,322,Emerging
Appu Donne Biriyani Palace,2025-08-29,3,41,7488.0,182.6341463414634,4.11219512195122,3,2,2,7,322,Emerging
Sri Varalakshmi Pure Veg Tiffins,2025-08-27,5,73,7080.0,96.98630136986301,4.465753424657534,2,3,2,7,232,At Risk
I Deli Cafe,2025-08-29,3,47,6988.0,148.68085106382978,4.736170212765957,3,2,2,7,322,Emerging
Babe da Dhaba,2025-08-29,3,65,6624.0,101.9076923076923,4.21076923076923,3,2,2,7,322,Emerging
A1,2025-08-29,3,45,6360.0,141.33333333333334,4.315555555555556,3,2,2,7,322,Emerging
Lilac Cafe,2025-08-31,1,29,6060.0,208.9655172413793,4.36896551724138,5,1,1,7,511,Emerging
Urban Biryani,2025-08-30,2,37,5631.0,152.1891891891892,4.437837837837838,4,2,1,7,421,Emerging
Sherowali Sweets,2025-08-27,5,106,4940.0,46.60377358490566,4.445283018867925,2,4,1,7,241,At Risk
Food moments,2025-08-31,1,19,4560.0,240.0,4.484210526315789,5,1,1,7,511,Emerging
HNESHEL BURI,2025-08-31,1,26,4308.0,165.69230769230768,4.4,5,1,1,7,511,Emerging
Slice of Shillong,2025-08-31,1,21,4246.0,202.1904761904762,3.895238095238095,5,1,1,7,511,Emerging
Raja Sri Tiffins,2025-08-30,2,66,4150.0,62.878787878787875,4.31969696969697,4,2,1,7,421,Emerging
Delicious Kitchen,2025-08-31,1,31,3840.0,123.87096774193549,4.080645161290323,5,1,1,7,511,Emerging
Food Hub,2025-08-31,1,30,3680.0,122.66666666666667,4.4,5,1,1,7,511,Emerging
Bosco Food Hub,2025-08-31,1,18,3210.0,178.33333333333334,4.266666666666667,5,1,1,7,511,Emerging
Tasty Bite,2025-08-30,2,32,2860.0,89.375,4.4,4,2,1,7,421,Emerging
Cake Celebration,2025-08-31,1,10,2833.0,283.3,4.4,5,1,1,7,511,Emerging
Shree Krishna Bhojanalaya,2025-08-31,1,14,1608.0,114.85714285714286,4.264285714285714,5,1,1,7,511,Emerging
Singh's Tandoor.,2025-08-31,1,14,1370.0,97.85714285714286,4.428571428571429,5,1,1,7,511,Emerging
Maa Sagar Sweets And Food Court,2025-08-31,1,9,736.0,81.77777777777777,4.4,5,1,1,7,511,Emerging
Appetizer,2025-08-31,1,14,638.0,45.57142857142857,4.45,5,1,1,7,511,Emerging
Mr. Pizza,2025-08-22,10,60,22932.0,382.2,4.136666666666667,1,2,3,6,123,Hibernating
City Hut Family Dhaba,2025-08-22,10,59,22067.0,374.0169491525424,4.589830508474576,1,2,3,6,123,Hibernating
Mamagoto,2025-08-21,11,46,21125.0,459.2391304347826,4.4,1,2,3,6,123,Hibernating
Baklavas By Mezaya,2025-08-25,7,19,20676.78,1088.2515789473684,4.352631578947369,2,1,3,6,213,Hibernating
Full House - Aquilaria Clubhouse,2025-08-23,9,53,20057.0,378.4339622641509,4.422641509433962,1,2,3,6,123,Hibernating
Noor The Biryani House,2025-08-28,4,31,17266.600000000002,556.9870967741937,4.264516129032257,2,1,3,6,213,Hibernating
Prime Bakery & Sweets,2025-08-24,8,61,16514.5,270.7295081967213,4.555737704918032,1,2,3,6,123,Hibernating
Bikkgane Biryani,2025-08-14,18,39,15821.0,405.6666666666667,4.387179487179487,1,2,3,6,123,Hibernating
Friends Cafe,2025-08-19,13,66,15660.0,237.27272727272728,4.296969696969697,1,2,3,6,123,Hibernating
Uss Da Dhaba,2025-08-20,12,62,15430.0,248.8709677419355,4.4,1,2,3,6,123,Hibernating
Krav,2025-08-24,8,51,15423.0,302.4117647058824,4.492156862745098,1,2,3,6,123,Hibernating
Annpurna Thali,2025-08-25,7,13,14988.0,1152.923076923077,3.992307692307693,2,1,3,6,213,Hibernating
Brew n Bite,2025-08-19,13,56,14552.0,259.85714285714283,4.292857142857143,1,2,3,6,123,Hibernating
Seoul Burgers & Shakes,2025-08-17,15,54,13976.0,258.81481481481484,4.348148148148148,1,2,3,6,123,Hibernating
Rattan's Veg & Non Veg,2025-08-18,14,61,13710.0,224.75409836065575,4.357377049180328,1,2,3,6,123,Hibernating
ABC Fast Food,2025-08-27,5,59,13250.0,224.57627118644066,4.345762711864406,2,2,2,6,222,Hibernating
Hanglaatherium,2025-08-27,5,42,13192.0,314.0952380952381,4.511904761904762,2,2,2,6,222,Hibernating
JBs,2025-08-25,7,47,12871.0,273.8510638297872,4.425531914893617,2,2,2,6,222,Hibernating
Rangoli Ice Cream,2025-08-27,5,46,12750.0,277.17391304347825,4.415217391304348,2,2,2,6,222,Hibernating
Shri Bhog Rasoi Dhaba,2025-08-24,8,74,12723.0,171.93243243243242,4.322972972972973,1,3,2,6,132,At Risk
Ritz Mithai Vatika,2025-08-27,5,44,12379.5,281.35227272727275,4.484090909090909,2,2,2,6,222,Hibernating
Lacima Cafe & Pizzeria,2025-08-28,4,54,12275.0,227.3148148148148,4.374074074074074,2,2,2,6,222,Hibernating
Idly & Dosai Delight,2025-08-28,4,50,12188.0,243.76,4.354,2,2,2,6,222,Hibernating
Sree Vishnu Bhavan,2025-08-26,6,66,12164.0,184.3030303030303,4.406060606060606,2,2,2,6,222,Hibernating
Krishna Vaishno Dhaba,2025-08-28,4,62,12145.0,195.88709677419354,4.329032258064516,2,2,2,6,222,Hibernating
Hotel Enchanto Imphal,2025-08-24,8,75,12090.0,161.2,4.394666666666667,1,3,2,6,132,At Risk
Tiffin Story,2025-08-18,14,70,12070.0,172.42857142857142,3.9614285714285717,1,3,2,6,132,At Risk
Miles - City Mall,2025-08-28,4,57,12068.0,211.71929824561403,4.089473684210526,2,2,2,6,222,Hibernating
Kabab E Biryani,2025-08-28,4,46,11991.0,260.67391304347825,4.4,2,2,2,6,222,Hibernating
SGS Fast Food,2025-08-28,4,59,11880.0,201.35593220338984,4.4,2,2,2,6,222,Hibernating
Hotel Shubham Celebrations Dhanturi Group of Hotel,2025-08-05,27,88,11638.0,132.25,4.3715909090909095,1,3,2,6,132,At Risk
Vishal Vaishno Dhaba,2025-08-24,8,78,11413.0,146.32051282051282,4.4653846153846155,1,3,2,6,132,At Risk
New Mughlai Restaurant,2025-08-25,7,54,11235.0,208.05555555555554,4.112962962962963,2,2,2,6,222,Hibernating
Aryan Family's Delight,2025-08-28,4,40,11110.0,277.75,4.6425,2,2,2,6,222,Hibernating
Pizzas Hub,2025-08-27,5,51,11039.0,216.45098039215685,4.313725490196078,2,2,2,6,222,Hibernating
Wok N Roll,2025-08-24,8,77,10840.0,140.7792207792208,4.306493506493506,1,3,2,6,132,At Risk
The Pizza Bakery - Wood Fired Sourdough,2025-08-27,5,32,10779.0,336.84375,4.471875,2,2,2,6,222,Hibernating
Food Hut,2025-08-25,7,48,10657.0,222.02083333333334,3.90625,2,2,2,6,222,Hibernating
Rasoi Thali,2025-08-28,4,63,10588.0,168.06349206349208,3.888888888888889,2,2,2,6,222,Hibernating
Bambusa express,2025-08-27,5,51,10340.0,202.7450980392157,4.474509803921569,2,2,2,6,222,Hibernating
Infusion,2025-08-27,5,47,10217.0,217.38297872340425,4.217021276595745,2,2,2,6,222,Hibernating
Zero Miles,2025-08-28,4,54,10019.0,185.53703703703704,4.233333333333333,2,2,2,6,222,Hibernating
BOSS Burger,2025-08-25,7,42,9973.0,237.45238095238096,4.3880952380952385,2,2,2,6,222,Hibernating
Yummy Bites,2025-08-27,5,53,9790.0,184.71698113207546,4.3226415094339625,2,2,2,6,222,Hibernating
Chili's American Grill & Bar,2025-08-29,3,27,9745.0,360.9259259259259,4.466666666666667,3,1,2,6,312,Emerging
One Bites Sanjauli,2025-08-27,5,61,9568.0,156.85245901639345,4.344262295081967,2,2,2,6,222,Hibernating
La Milano Pizzeria,2025-08-26,6,44,9100.0,206.8181818181818,4.361363636363636,2,2,2,6,222,Hibernating
Vijay Dairy,2025-08-27,5,52,8625.0,165.8653846153846,4.75,2,2,2,6,222,Hibernating
Amar Bhojnalya,2025-08-25,7,64,8314.0,129.90625,4.125,2,2,2,6,222,Hibernating
Blossom Cafe,2025-08-28,4,56,8266.0,147.60714285714286,4.4,2,2,2,6,222,Hibernating
Noodle Kitchen,2025-08-25,7,38,7860.0,206.8421052631579,4.613157894736842,2,2,2,6,222,Hibernating
Brik Oven - Original Sourdough Pizzas,2025-08-29,3,20,7770.0,388.5,4.32,3,1,2,6,312,Emerging
Sandwich Junction,2025-08-28,4,56,7705.0,137.58928571428572,4.383928571428571,2,2,2,6,222,Hibernating
Shawarma Hut,2025-08-27,5,33,7309.0,221.4848484848485,4.348484848484849,2,2,2,6,222,Hibernating
Pasta Paradise,2025-08-25,7,39,7295.0,187.05128205128204,4.28974358974359,2,2,2,6,222,Hibernating
Brahmins' Thatte Idli,2025-08-26,6,58,7000.0,120.6896551724138,4.346551724137931,2,2,2,6,222,Hibernating
Shri Ganpati Misthan Bhandar,2025-08-25,7,33,7000.0,212.12121212121212,4.190909090909091,2,2,2,6,222,Hibernating
Cake Studio,2025-08-26,6,35,6783.0,193.8,4.4,2,2,2,6,222,Hibernating
Moti Mahal Delux,2025-08-26,6,32,6576.0,205.5,4.421875,2,2,2,6,222,Hibernating
Classic 11,2025-08-29,3,47,6306.0,134.17021276595744,4.4,3,2,1,6,321,Emerging
The Idli Foundry,2025-08-29,3,51,5740.0,112.54901960784314,4.53921568627451,3,2,1,6,321,Emerging
Das Khaman,2025-08-29,3,65,5650.75,86.93461538461538,4.293846153846154,3,2,1,6,321,Emerging
Sher E Punjab,2025-08-30,2,18,5624.0,312.44444444444446,4.338888888888889,4,1,1,6,411,Emerging
Try Me,2025-08-30,2,27,5033.35,186.4203703703704,4.362962962962963,4,1,1,6,411,Emerging
KC'S Kitchen,2025-08-30,2,16,4000.0,250.0,4.375,4,1,1,6,411,Emerging
Delicious Fast Food,2025-08-30,2,25,3685.0,147.4,4.02,4,1,1,6,411,Emerging
The Hazelnut Factory,2025-08-30,2,20,3488.17,174.4085,4.5,4,1,1,6,411,Emerging
Hotel Niramish Bhojanalay,2025-08-29,3,55,3205.0,58.27272727272727,4.009090909090909,3,2,1,6,321,Emerging
Bakingo-Cakes & Desserts,2025-08-18,14,31,21029.0,678.3548387096774,4.441935483870968,1,1,3,5,113,Hibernating
Huber & Holly,2025-08-24,8,20,15120.0,756.0,4.505000000000001,1,1,3,5,113,Hibernating
Nom Nom: Asian Bar & Eatery,2025-08-11,21,28,14790.0,528.2142857142857,4.378571428571429,1,1,3,5,113,Hibernating
Kamats Legacy,2025-08-20,12,61,13100.0,214.75409836065575,4.3,1,2,2,5,122,Hibernating
Quick Crave,2025-08-19,13,53,12277.0,231.64150943396226,4.264150943396227,1,2,2,5,122,Hibernating
Anjappar,2025-08-16,16,36,12245.0,340.1388888888889,4.166666666666667,1,2,2,5,122,Hibernating
The Yellow Straw,2025-08-28,4,29,12024.0,414.62068965517244,4.613793103448276,2,1,2,5,212,Hibernating
The Temptations - 24/7,2025-08-22,10,50,11760.0,235.2,4.32,1,2,2,5,122,Hibernating
Bheemeshwara - A South Indian Delicacy,2025-08-21,11,40,11680.0,292.0,4.220000000000001,1,2,2,5,122,Hibernating
Vanakkam Rajnikantham,2025-08-18,14,51,11489.0,225.27450980392157,4.458823529411765,1,2,2,5,122,Hibernating
Bambusa Express,2025-08-22,10,48,10850.0,226.04166666666666,4.479166666666667,1,2,2,5,122,Hibernating
RB Rolls And Fast Food,2025-08-17,15,63,10830.0,171.9047619047619,4.4,1,2,2,5,122,Hibernating
Barista Coffee,2025-08-25,7,24,10577.0,440.7083333333333,4.358333333333333,2,1,2,5,212,Hibernating
Grill's,2025-08-26,6,27,10125.0,375.0,4.425925925925926,2,1,2,5,212,Hibernating
Pizza Wings,2025-08-24,8,38,10089.0,265.5,4.2552631578947375,1,2,2,5,122,Hibernating
Club Shawaya,2025-08-25,7,31,8860.0,285.80645161290323,4.448387096774193,2,1,2,5,212,Hibernating
The Chicken Wagon,2025-08-23,9,35,8860.0,253.14285714285714,4.548571428571428,1,2,2,5,122,Hibernating
Logo Cafe,2025-08-15,17,62,8819.0,142.24193548387098,4.214516129032258,1,2,2,5,122,Hibernating
Paris Panini - Gourmet Sandwiches & Wraps,2025-08-17,15,34,8760.0,257.6470588235294,4.635294117647058,1,2,2,5,122,Hibernating
Punjab Sind,2025-08-21,11,36,8727.5,242.43055555555554,4.6194444444444445,1,2,2,5,122,Hibernating
Chai Kings,2025-08-18,14,52,8090.0,155.57692307692307,4.446153846153846,1,2,2,5,122,Hibernating
Hungry Panda,2025-08-11,21,35,8069.0,230.54285714285714,4.097142857142857,1,2,2,5,122,Hibernating
FOOD EXPRESS,2025-08-20,12,35,7800.0,222.85714285714286,4.4,1,2,2,5,122,Hibernating
The Hayat,2025-08-20,12,42,7793.0,185.54761904761904,4.4,1,2,2,5,122,Hibernating
Go Zero Ice Creams & Desserts,2025-08-07,25,42,7678.0,182.8095238095238,4.233333333333333,1,2,2,5,122,Hibernating
Frys,2025-08-03,29,33,7676.0,232.6060606060606,4.387878787878789,1,2,2,5,122,Hibernating
Perambur Sri Annapoorani,2025-08-19,13,66,7608.0,115.27272727272727,4.275757575757575,1,2,2,5,122,Hibernating
Shree Shyam Bakery,2025-08-09,23,34,7560.0,222.35294117647058,4.4,1,2,2,5,122,Hibernating
Walk In Woods,2025-08-27,5,29,7293.0,251.48275862068965,4.224137931034483,2,1,2,5,212,Hibernating
Ihm Wala,2025-08-20,12,40,7036.0,175.9,4.390000000000001,1,2,2,5,122,Hibernating
Purple Restaurant & lounge bar,2025-08-28,4,31,6578.0,212.19354838709677,4.4,2,1,2,5,212,Hibernating
Gulab Sweets And Restaurant,2025-08-26,6,28,6425.0,229.46428571428572,4.314285714285715,2,1,2,5,212,Hibernating
Royal Indraprastha,2025-08-23,9,50,6410.0,128.2,4.312,1,2,2,5,122,Hibernating
Lalaji Dilli Wale,2025-08-14,18,61,6380.0,104.59016393442623,4.227868852459016,1,2,2,5,122,Hibernating
Biryani Paradise,2025-08-28,4,37,6249.0,168.8918918918919,4.421621621621623,2,2,1,5,221,Hibernating
French Loaf Bakery & Cafe,2025-08-28,4,57,6247.37,109.60298245614035,4.517543859649122,2,2,1,5,221,Hibernating
Majaa Thindi,2025-08-28,4,48,6090.0,126.875,4.325,2,2,1,5,221,Hibernating
Little Chef,2025-08-27,5,36,5715.0,158.75,4.3916666666666675,2,2,1,5,221,Hibernating
Sree Krishna Hotel,2025-08-27,5,47,5308.0,112.93617021276596,4.3382978723404255,2,2,1,5,221,Hibernating
Home Kitchen,2025-08-29,3,22,5196.0,236.1818181818182,4.4,3,1,1,5,311,Emerging
Cake Town,2025-08-29,3,18,5111.0,283.94444444444446,4.4,3,1,1,5,311,Emerging
Satnam Punjabi Vaishno Dhaba,2025-08-28,4,53,5084.0,95.9245283018868,4.4,2,2,1,5,221,Hibernating
Rokali,2025-08-25,7,37,4923.0,133.05405405405406,4.283783783783784,2,2,1,5,221,Hibernating
Mahalaxmi Sweets,2025-08-27,5,59,4826.0,81.79661016949153,4.589830508474576,2,2,1,5,221,Hibernating
Mummy's kitchen,2025-08-29,3,30,4580.0,152.66666666666666,4.420000000000001,3,1,1,5,311,Emerging
Mr. Bakers,2025-08-29,3,31,4528.0,146.06451612903226,4.4,3,1,1,5,311,Emerging
Kudil Restaurant,2025-08-29,3,20,4494.0,224.7,4.529999999999999,3,1,1,5,311,Emerging
Sri Tiffins,2025-08-26,6,66,3985.0,60.378787878787875,4.296969696969697,2,2,1,5,221,Hibernating
Churuwala,2025-08-28,4,65,3696.5,56.86923076923077,4.464615384615384,2,2,1,5,221,Hibernating
Snack-A-Boo,2025-08-29,3,17,2945.0,173.23529411764707,3.8470588235294123,3,1,1,5,311,Emerging
Monginis Cake Shop,2025-08-25,7,38,1867.0,49.13157894736842,4.1763157894736835,2,2,1,5,221,Hibernating
Why Not Momos,2025-08-29,3,18,1330.0,73.88888888888889,4.300000000000001,3,1,1,5,311,Emerging
Short Crust: Cakes & More,2025-08-18,14,20,13073.0,653.65,4.595000000000001,1,1,2,4,112,Hibernating
Anardana,2025-08-19,13,20,12540.0,627.0,4.44,1,1,2,4,112,Hibernating
Cochin Rahumania,2025-08-10,22,14,10990.0,785.0,4.492857142857143,1,1,2,4,112,Hibernating
Punjab Grill,2025-08-24,8,20,9905.0,495.25,4.415000000000001,1,1,2,4,112,Hibernating
New Delhi Sweets,2025-08-02,30,24,8400.0,350.0,4.233333333333333,1,1,2,4,112,Hibernating
Bombay Sweet Shop,2025-08-12,20,18,8349.0,463.8333333333333,4.683333333333334,1,1,2,4,112,Hibernating
Rollarappaa,2025-08-22,10,28,8342.0,297.92857142857144,4.339285714285714,1,1,2,4,112,Hibernating
Big Fat Sandwich & Pizza,2025-08-17,15,22,8035.0,365.22727272727275,4.2681818181818185,1,1,2,4,112,Hibernating
Good Flippin' Burgers,2025-07-19,44,20,7860.0,393.0,4.5600000000000005,1,1,2,4,112,Hibernating
Mad Over Shawarma,2025-08-20,12,29,7191.0,247.9655172413793,4.4,1,1,2,4,112,Hibernating
Shanghai Flavours of China Town,2025-07-28,35,30,6991.0,233.03333333333333,4.223333333333334,1,1,2,4,112,Hibernating
Confucius (Christan Basti),2025-08-05,27,20,6705.0,335.25,4.285,1,1,2,4,112,Hibernating
Sanjha Chulha,2025-08-20,12,20,6664.0,333.2,4.15,1,1,2,4,112,Hibernating
Chiyang,2025-08-17,15,20,6480.0,324.0,4.5,1,1,2,4,112,Hibernating
The Food Villa,2025-08-19,13,37,6299.0,170.24324324324326,4.4,1,2,1,4,121,Hibernating
House of parathas,2025-08-22,10,37,6154.0,166.32432432432432,3.827027027027027,1,2,1,4,121,Hibernating
chickpet Donne Biryani House,2025-08-27,5,27,5909.0,218.85185185185185,4.044444444444444,2,1,1,4,211,Hibernating
Kc Soup Bar,2025-08-28,4,30,5723.0,190.76666666666668,3.9833333333333334,2,1,1,4,211,Hibernating
Adda,2025-08-17,15,43,5717.0,132.95348837209303,4.4,1,2,1,4,121,Hibernating
Kashyap chole kulche,2025-08-20,12,50,5580.0,111.6,4.303999999999999,1,2,1,4,121,Hibernating
Brothers Bakery,2025-08-25,7,19,5355.0,281.8421052631579,4.4,2,1,1,4,211,Hibernating
Street Foods by Punjab Grill,2025-08-27,5,20,5320.0,266.0,4.3,2,1,1,4,211,Hibernating
Desi Choka,2025-08-26,6,24,5282.0,220.08333333333334,4.5,2,1,1,4,211,Hibernating
PVR Cafe,2025-08-25,7,19,5271.0,277.42105263157896,4.247368421052632,2,1,1,4,211,Hibernating
Sherowali Bhoj- Non Veg Hotel & Restaurant,2025-08-26,6,28,5250.0,187.5,4.439285714285714,2,1,1,4,211,Hibernating
Bikaner Elite,2025-08-26,6,22,5231.0,237.77272727272728,4.568181818181818,2,1,1,4,211,Hibernating
Fat Belly,2025-08-18,14,32,5000.0,156.25,4.440625,1,2,1,4,121,Hibernating
Pizza King,2025-08-25,7,24,4976.0,207.33333333333334,4.391666666666667,2,1,1,4,211,Hibernating
Nirmala Hotel & Restaurant,2025-08-25,7,18,4800.0,266.6666666666667,4.177777777777778,2,1,1,4,211,Hibernating
Mom's Kitchen,2025-08-23,9,64,4720.0,73.75,3.9453125,1,2,1,4,121,Hibernating
Patna Biryani Club,2025-08-25,7,17,4630.0,272.3529411764706,4.135294117647058,2,1,1,4,211,Hibernating
Taaza - All Day Breakfast,2025-08-22,10,44,4623.0,105.06818181818181,4.363636363636363,1,2,1,4,121,Hibernating
Vaango,2025-08-28,4,31,4438.82,143.18774193548387,4.464516129032258,2,1,1,4,211,Hibernating
Bikaner Sweets And Namkeen,2025-08-28,4,31,4387.0,141.51612903225808,4.206451612903226,2,1,1,4,211,Hibernating
Chindam Cafe,2025-08-27,5,31,4380.0,141.29032258064515,4.4,2,1,1,4,211,Hibernating
Cake Bake,2025-08-26,6,18,4334.0,240.77777777777777,4.4,2,1,1,4,211,Hibernating
IFC Pizza and Burger,2025-08-28,4,21,4213.0,200.61904761904762,4.395238095238095,2,1,1,4,211,Hibernating
The Cake Shop,2025-08-28,4,17,4094.0,240.8235294117647,4.4,2,1,1,4,211,Hibernating
Swadh Restaurant,2025-08-26,6,27,3945.0,146.11111111111111,3.974074074074074,2,1,1,4,211,Hibernating
Oye Hoye Paratha,2025-08-27,5,31,3932.0,126.83870967741936,4.406451612903226,2,1,1,4,211,Hibernating
Snacks Point,2025-08-26,6,19,3754.0,197.57894736842104,4.405263157894737,2,1,1,4,211,Hibernating
Momo Junction,2025-08-26,6,29,3753.0,129.41379310344828,4.4,2,1,1,4,211,Hibernating
Like Momo,2025-08-28,4,26,3638.0,139.92307692307693,4.234615384615385,2,1,1,4,211,Hibernating
Tunday Kababi,2025-08-28,4,19,3380.0,177.89473684210526,4.447368421052632,2,1,1,4,211,Hibernating
Thali House,2025-08-26,6,26,3374.0,129.76923076923077,4.388461538461539,2,1,1,4,211,Hibernating
Mr. Cake Wala,2025-08-25,7,12,3204.0,267.0,4.4,2,1,1,4,211,Hibernating
Burgerama,2025-08-27,5,14,2791.0,199.35714285714286,4.4071428571428575,2,1,1,4,211,Hibernating
NDS Cafe,2025-08-26,6,23,2757.0,119.8695652173913,4.369565217391305,2,1,1,4,211,Hibernating
Pizza town,2025-08-27,5,26,2690.0,103.46153846153847,4.4,2,1,1,4,211,Hibernating
Brew Cafe,2025-08-28,4,25,2630.0,105.2,4.392,2,1,1,4,211,Hibernating
Perambur Sri Srinivasa Sweets & Snacks,2025-08-28,4,20,2182.94,109.147,4.705,2,1,1,4,211,Hibernating
Swasti Niramish Hotel,2025-08-23,9,37,2054.0,55.513513513513516,4.14054054054054,1,2,1,4,121,Hibernating
Dweller Teas & Snacks,2025-08-25,7,14,1750.0,125.0,4.435714285714286,2,1,1,4,211,Hibernating
Tea Time,2025-08-23,9,43,1660.0,38.604651162790695,4.2953488372093025,1,2,1,4,121,Hibernating
Sprouts Wale,2025-08-26,6,16,1173.0,73.3125,4.4,2,1,1,4,211,Hibernating
Taste Buds,2025-08-28,4,9,1060.0,117.77777777777777,4.411111111111111,2,1,1,4,211,Hibernating
Uncle Momos & Kitchen,2025-08-25,7,7,900.0,128.57142857142858,4.4,2,1,1,4,211,Hibernating
Biryani Hub,2025-08-25,7,3,333.0,111.0,4.4,2,1,1,4,211,Hibernating
Eikhoi Chakshang,2025-08-18,14,23,6080.0,264.3478260869565,4.343478260869565,1,1,1,3,111,Hibernating
Ovenfresh Cakes and Desserts,2025-08-24,8,29,5861.0,202.10344827586206,4.403448275862069,1,1,1,3,111,Hibernating
One Bite,2025-08-22,10,23,5659.0,246.04347826086956,4.365217391304348,1,1,1,3,111,Hibernating
Le Zara,2025-08-08,24,24,5560.0,231.66666666666666,4.2875000000000005,1,1,1,3,111,Hibernating
Otssi ohan,2025-08-23,9,22,5253.0,238.77272727272728,4.386363636363637,1,1,1,3,111,Hibernating
Wrap the cravings,2025-08-24,8,21,5110.0,243.33333333333334,4.328571428571429,1,1,1,3,111,Hibernating
Sagar Ratna,2025-08-23,9,16,5075.0,317.1875,4.2625,1,1,1,3,111,Hibernating
Asia Seven - Sizzling Chinese,2025-08-14,18,20,4978.0,248.9,4.445,1,1,1,3,111,Hibernating
175 C,2025-08-24,8,26,4930.0,189.6153846153846,4.426923076923077,1,1,1,3,111,Hibernating
Street Za,2025-08-22,10,20,4913.0,245.65,4.245,1,1,1,3,111,Hibernating
Ao Rice Hotel,2025-07-17,46,20,4890.0,244.5,4.25,1,1,1,3,111,Hibernating
Boketto Cafe And Restaurant,2025-08-07,25,21,4878.0,232.28571428571428,4.361904761904762,1,1,1,3,111,Hibernating
Jumboking Burgers,2025-08-17,15,21,4802.0,228.66666666666666,4.438095238095238,1,1,1,3,111,Hibernating
Saladspoint,2025-08-21,11,22,4798.0,218.0909090909091,4.254545454545455,1,1,1,3,111,Hibernating
The Boston Cafe & Patisserie,2025-08-09,23,29,4750.0,163.79310344827587,4.151724137931034,1,1,1,3,111,Hibernating
Pizza Italia,2025-08-15,17,17,4745.0,279.11764705882354,4.2176470588235295,1,1,1,3,111,Hibernating
The Hungry Beings,2025-08-21,11,28,4729.0,168.89285714285714,4.332142857142857,1,1,1,3,111,Hibernating
Daawat-E   Biryani,2025-08-22,10,31,4570.0,147.41935483870967,4.448387096774193,1,1,1,3,111,Hibernating
Hong's Kitchen - Hearty! Tasty! Chinese!,2025-08-19,13,30,4570.0,152.33333333333334,4.1033333333333335,1,1,1,3,111,Hibernating
Cafe Delight,2025-08-22,10,24,4458.0,185.75,4.4,1,1,1,3,111,Hibernating
Tiffin aaw,2025-07-24,39,17,4450.0,261.7647058823529,4.31764705882353,1,1,1,3,111,Hibernating
Euphoria,2025-08-23,9,11,4439.1,403.55454545454546,4.681818181818182,1,1,1,3,111,Hibernating
Yumburgs,2025-08-13,19,25,4252.0,170.08,4.52,1,1,1,3,111,Hibernating
Sanjauli Cafe,2025-08-21,11,28,4218.0,150.64285714285714,4.328571428571428,1,1,1,3,111,Hibernating
Appetite Classic,2025-08-20,12,18,4090.0,227.22222222222223,4.277777777777778,1,1,1,3,111,Hibernating
Maa Saradar Ranna Ghor,2025-08-10,22,31,4069.0,131.25806451612902,4.212903225806452,1,1,1,3,111,Hibernating
The Spicy Treat,2025-08-21,11,24,3930.0,163.75,4.3500000000000005,1,1,1,3,111,Hibernating
KASTURI DHABA AND RESTAURANT,2025-08-18,14,18,3803.0,211.27777777777777,4.4,1,1,1,3,111,Hibernating
Punjabi Foods (Jakhan),2025-08-14,18,19,3798.0,199.89473684210526,4.1421052631578945,1,1,1,3,111,Hibernating
Hungerz,2025-08-02,30,28,3765.0,134.46428571428572,4.317857142857143,1,1,1,3,111,Hibernating
Buhari Hotel,2025-08-08,24,20,3670.0,183.5,4.525,1,1,1,3,111,Hibernating
Swu'S Kitchen,2025-07-04,59,15,3560.0,237.33333333333334,4.293333333333334,1,1,1,3,111,Hibernating
Momo Cafe,2025-08-23,9,14,3520.0,251.42857142857142,3.885714285714286,1,1,1,3,111,Hibernating
Alpha Pizza House,2025-08-18,14,9,3470.0,385.55555555555554,4.366666666666667,1,1,1,3,111,Hibernating
NBC - Nothing Before Coffee,2025-08-22,10,11,3470.0,315.45454545454544,4.2,1,1,1,3,111,Hibernating
The Paul Bakery,2025-08-22,10,13,3232.0,248.6153846153846,4.438461538461539,1,1,1,3,111,Hibernating
Samoxa,2025-08-14,18,22,3220.0,146.36363636363637,4.440909090909091,1,1,1,3,111,Hibernating
Ghee and Turmeric,2025-08-17,15,9,3157.0,350.77777777777777,4.411111111111111,1,1,1,3,111,Hibernating
Thalassery Restaurant,2025-08-22,10,14,3095.0,221.07142857142858,4.292857142857143,1,1,1,3,111,Hibernating
Golden Dragon,2025-08-13,19,15,3020.0,201.33333333333334,4.593333333333334,1,1,1,3,111,Hibernating
Cafe La,2025-08-24,8,23,2877.0,125.08695652173913,4.4,1,1,1,3,111,Hibernating
Rolls Nation,2025-08-10,22,9,2824.0,313.77777777777777,4.4,1,1,1,3,111,Hibernating
SKI Heaven Food,2025-08-19,13,20,2803.0,140.15,4.265000000000001,1,1,1,3,111,Hibernating
Hotel Al Reem,2025-08-07,25,8,2799.0,349.875,4.6375,1,1,1,3,111,Hibernating
Krishnashree,2025-08-14,18,4,2760.0,690.0,4.4,1,1,1,3,111,Hibernating
PS4 Veg Restaurant (Perambur Sri Srinivasa),2025-08-21,11,23,2513.75,109.29347826086956,4.647826086956522,1,1,1,3,111,Hibernating
Ujjwala Restaurant,2025-08-01,31,11,2414.0,219.45454545454547,4.4818181818181815,1,1,1,3,111,Hibernating
Slurppy Yummy,2025-08-12,20,12,2370.0,197.5,4.441666666666667,1,1,1,3,111,Hibernating
Nanta Bakers,2025-08-09,23,17,2340.0,137.64705882352942,4.1000000000000005,1,1,1,3,111,Hibernating
The Ghee Khichdi Project,2025-08-14,18,18,2209.0,122.72222222222223,4.377777777777777,1,1,1,3,111,Hibernating
Health Mantra,2025-08-11,21,14,2176.0,155.42857142857142,4.292857142857143,1,1,1,3,111,Hibernating
Spicy Affair,2025-08-17,15,18,2170.0,120.55555555555556,4.272222222222222,1,1,1,3,111,Hibernating
Aahar Kolkatta Biryani,2025-07-19,44,7,2130.0,304.2857142857143,4.171428571428572,1,1,1,3,111,Hibernating
SK Bakers,2025-04-20,134,5,1950.0,390.0,4.4,1,1,1,3,111,Hibernating
Aryaas,2025-08-20,12,15,1919.0,127.93333333333334,4.486666666666666,1,1,1,3,111,Hibernating
RAM KRISHNA BHOJNALAY,2025-08-21,11,24,1810.0,75.41666666666667,4.4,1,1,1,3,111,Hibernating
"Frozen Bottle - Milkshakes, Desserts And Ice Cream",2025-08-22,10,10,1791.0,179.1,4.24,1,1,1,3,111,Hibernating
Caffe In,2025-08-02,30,12,1750.0,145.83333333333334,4.4,1,1,1,3,111,Hibernating
Navtara Veg Restaurant,2025-08-20,12,20,1720.0,86.0,4.42,1,1,1,3,111,Hibernating
Myfroyoland - Premium Frozen Yogurt,2025-08-16,16,8,1691.0,211.375,4.6125,1,1,1,3,111,Hibernating
Vrindavan ki rasoi,2025-08-17,15,12,1638.0,136.5,4.4750000000000005,1,1,1,3,111,Hibernating
Rahmaniya Kethel's Chicken,2025-08-15,17,11,1452.0,132.0,4.445454545454545,1,1,1,3,111,Hibernating
Thali Junction,2025-08-03,29,8,1440.0,180.0,4.4,1,1,1,3,111,Hibernating
Kathi Junction,2025-07-24,39,7,1427.0,203.85714285714286,4.328571428571429,1,1,1,3,111,Hibernating
Mantu Biryani,2025-08-03,29,10,1424.0,142.4,4.08,1,1,1,3,111,Hibernating
Pizza Jalapenia (Downtown),2025-07-22,41,3,1416.0,472.0,4.533333333333333,1,1,1,3,111,Hibernating
Pizza Jalapenia (Uptown),2025-05-02,122,3,1397.0,465.6666666666667,4.6000000000000005,1,1,1,3,111,Hibernating
Gayatri Ganthiya,2025-08-15,17,15,1264.0,84.26666666666667,4.24,1,1,1,3,111,Hibernating
The Biryani moradabadi,2025-08-23,9,8,1245.0,155.625,4.1625000000000005,1,1,1,3,111,Hibernating
Royal Kitchen,2025-05-04,120,1,1200.0,1200.0,4.4,1,1,1,3,111,Hibernating
Singju Imphal,2025-08-09,23,15,1180.0,78.66666666666667,4.293333333333334,1,1,1,3,111,Hibernating
Country Kitchen,2025-07-16,47,15,1066.0,71.06666666666666,4.473333333333333,1,1,1,3,111,Hibernating
Taste Tekker,2025-08-02,30,8,1022.0,127.75,4.4,1,1,1,3,111,Hibernating
Ram Krishna Dalbati,2025-08-17,15,14,1015.0,72.5,4.435714285714286,1,1,1,3,111,Hibernating
M/S Girija Hotel,2025-07-28,35,4,990.0,247.5,4.45,1,1,1,3,111,Hibernating
FNP- Ferns N Petals,2025-07-21,42,3,977.0,325.6666666666667,4.4,1,1,1,3,111,Hibernating
Food Zilla,2025-06-17,76,5,900.0,180.0,4.64,1,1,1,3,111,Hibernating
Sherawat Juice And Ice Cream Parlour,2025-08-14,18,22,870.0,39.54545454545455,4.486363636363636,1,1,1,3,111,Hibernating
Rice N Roti,2025-08-20,12,6,840.0,140.0,4.183333333333334,1,1,1,3,111,Hibernating
Junior Kuppanna,2025-06-17,76,6,760.0,126.66666666666667,4.433333333333334,1,1,1,3,111,Hibernating
Cocoberry,2025-07-17,46,4,736.0,184.0,4.4,1,1,1,3,111,Hibernating
Sumi Ethnic,2025-06-04,89,2,700.0,350.0,4.3,1,1,1,3,111,Hibernating
Bismillah Taj Hotel,2025-07-22,41,10,662.0,66.2,4.0,1,1,1,3,111,Hibernating
Samosa Junction,2025-08-05,27,11,580.0,52.72727272727273,4.4,1,1,1,3,111,Hibernating
Biryani Adda,2025-08-03,29,5,560.0,112.0,4.4,1,1,1,3,111,Hibernating
Prasadam Temple Prasad,2025-07-31,32,8,556.0,69.5,4.525,1,1,1,3,111,Hibernating
Cheapest Food Zone,2025-02-22,191,3,540.0,180.0,4.3,1,1,1,3,111,Hibernating
Shri Shyam Bhature Wala,2025-05-27,97,6,538.0,89.66666666666667,4.533333333333334,1,1,1,3,111,Hibernating
Sherowali Restaurant and Fast Foods,2025-08-07,25,5,512.0,102.4,4.32,1,1,1,3,111,Hibernating
Jagannath Mandir Arna Prasad,2025-08-08,24,8,470.0,58.75,4.75,1,1,1,3,111,Hibernating
Biggies Burger,2025-06-25,68,3,467.0,155.66666666666666,4.6000000000000005,1,1,1,3,111,Hibernating
Roti Ghar,2025-08-05,27,7,457.0,65.28571428571429,4.4,1,1,1,3,111,Hibernating
Shahi Dhaba,2025-07-07,56,9,422.0,46.888888888888886,4.4222222222222225,1,1,1,3,111,Hibernating
Kolkata Royal Biryani House,2025-08-06,26,4,420.0,105.0,4.35,1,1,1,3,111,Hibernating
Biryani Nation,2025-04-09,145,4,418.0,104.5,4.4,1,1,1,3,111,Hibernating
Talk Of The Town (Bt Road),2025-07-01,62,1,390.0,390.0,4.4,1,1,1,3,111,Hibernating
Krishna Chhole Bhature,2025-07-31,32,5,317.0,63.4,4.4,1,1,1,3,111,Hibernating
Hungry Point,2025-08-20,12,2,280.0,140.0,4.4,1,1,1,3,111,Hibernating
The Complete Comfort Zone,2025-03-22,163,2,160.0,80.0,4.4,1,1,1,3,111,Hibernating
Anand Sweets & Savouries,2025-06-29,64,1,133.9,133.9,4.0,1,1,1,3,111,Hibernating
Barq Foods,2025-06-21,72,1,120.0,120.0,4.4,1,1,1,3,111,Hibernating
